,0,1,2,3
0,gabizinha,@gabturquetti,2021-08-07T04:52:06.000Z,Essa dor no bra√ßo √© a dor mais gostosa no mundo meu deuuus
1,gabizinha,@gabturquetti,2021-08-06T21:49:56.000Z,Quando precisarem de um sinal 5G contem comigo!
2,gabizinha,@gabturquetti,2021-08-06T21:49:42.000Z,AINDA TO TREMENDO
3,gabizinha,@gabturquetti,2021-08-06T21:47:39.000Z,THIS GIRL IS ON PFIZER
4,gabizinha,@gabturquetti,2021-08-05T19:24:45.000Z,Neste momento estou prestes a fazer a raspagem de dados do meu twitter e devo dizer que estou com medo do que vou encontrar 
5,gabizinha,@gabturquetti,2021-08-04T16:25:26.000Z,cad√™ minha faixa et√°ria vacinando querido governadorrrrrrr
6,gabizinha,@gabturquetti,2021-08-04T16:25:05.000Z,cad√™ o desafio minha querida futura empresahhhh
7,gabizinha,@gabturquetti,2021-08-04T16:24:14.000Z,Hoje √© um dia daqueles: ou a ansiedade me mata ou me engole
8,vittor,@vittor,2021-08-03T21:20:24.000Z,quando a porta do banheiro da balada n tranca
9,f√™,@nebularae_,2021-07-21T12:49:42.000Z,"Adolescentes que deixam os professores legais tristes: voc√™s s√£o meus inimigosRainha dos Incels
@RAIDA_QUEEN
 ¬∑ 19 de jul"
10,Lucas Santos,@_StaticVoid,2021-07-22T15:19:48.000Z,Se cuidem e bebam √°gua
11,·¥†…™·¥õ·¥è Ä,@vitorzou,2021-07-19T23:31:53.000Z,"eu vendo se a temperatura do meu lorenzetti ta boa pra tomar banhoDe 
moshi"
12,vittor,@vittor,2021-07-13T20:09:46.000Z,"eu tentando desviar de pensamentos ansiosos o dia todoBomboclaat Timmy
@BomboTimmy
 ¬∑ 30 de abr
Bomboclaat"
13,mariana,@mricrts,2021-07-05T23:38:22.000Z,"DESCARTE_ buscamos refletir sobre consumo e descarte por meio de uma produ√ß√£o experimental e l√∫dica

trabalho completo em: http://ratas.com.br/exposicao

RATAS √© um coletivo experimental; pesquisamos ideias, materiais e espa√ßos. proposta vivenciada por mim e minha parceira 
@laujagrr"
14,mariana,@mricrts,2021-06-28T21:20:25.000Z,orgulho de ser amor
15,gabizinha,@gabturquetti,2021-06-28T12:17:35.000Z,"Casal aben√ßoado por Lula 
@EduValentin93"
16,alecrim lamenta√ß√µes di√°rias,@alcrsk,2021-06-21T03:00:40.000Z,
17,Bichinhos fofinhos pra quem ta cansado de pol√≠tica,@BichinhosFB,2021-06-21T11:19:56.000Z,U√©... Pelo que eu me lembrava os Ursos Sem Curso eram s√≥ tr√™s...Cartoon Network Brasil
18,instagram: Harpias,@harpias,2021-06-10T19:27:17.000Z,"Ningu√©m:

Absolutamente ningu√©m:

Ningu√©m mesmo:

Meu c√©rebro: PIFAIZERRRRRRRRRRR"
19,ùê†ùêÆùê¢ùê•ùêûùê´ùê¶ùêû,@DesturbioMental,2021-06-07T01:17:03.000Z,Isso aqui foi a maior ilusao pro jovem que acreditou que chegaria aos 30 bem sucedido e feliz
20,gabizinha,@gabturquetti,2021-06-06T22:50:13.000Z,√© cada sufoco no github que eu passo que eu s√≥ quero chorar
21,milena,@wwwmlna,2021-06-01T11:24:25.000Z,gente de SP eh engra√ßado sempre ‚Äúvai se mudar pra c√° quando?‚Äù olha se deus quiser nunca
22,gabizinha,@gabturquetti,2021-05-30T18:05:05.000Z,"Aquele salve pra aqueles da minha fam√≠lia que acha que voto nulo √© um protestocaio ·±¨
@caiocezxr_
 ¬∑ 29 de mai
lembrete:
Mostrar esta sequ√™ncia"
23,Vanny,@WonderWanny,2021-05-30T04:22:43.000Z,Terminei de modelar meu banco de dados.
24,ste serbu,@etserbu,2021-05-26T01:46:39.000Z,nao meus amores e esse morena iluminada aqui
25,gabizinha,@gabturquetti,2021-05-25T09:44:54.000Z,"Gente j√° pensou a monotonia de um relacionamento sem 1 fofoquinha????malfeitona subsubsubcelebridade
@malfeitona
 ¬∑ 24 de mai
Monog√¢micos ou n√£o, todos reconhecem a import√¢ncia da fofoca para o relacionamento"
26,krol presents DONDA,@itfalida,2021-05-24T21:50:41.000Z,o surto coletivo que foi o...BOLERINHO
27,CAPYBARA MAN,@CAPYBARA_MAN,2021-05-22T19:09:37.000Z,
28,cleytu,@cleytu,2021-04-19T12:41:00.000Z,ah pronto descobri que nem uma sanduicheira eu sei usar direito
29,gabizinha,@gabturquetti,2021-04-18T00:29:50.000Z,Amo quando a API t√° fora do ar e voc√™ n√£o consegue terminar os exerc√≠cios 
30,CAPYBARA MAN,@CAPYBARA_MAN,2021-04-16T19:31:46.000Z,this dog is made up of coconut
31,gabizinha,@gabturquetti,2021-04-16T03:26:06.000Z,"2018  2021 

De ratinha a dondoca"
32,gabizinha,@gabturquetti,2021-04-16T03:20:16.000Z,Hoje √© anivers√°rio do amor da minha vida e da nossa ratinha tamb√©m 
33,gabizinha,@gabturquetti,2021-04-15T20:33:08.000Z,"Meu dia de hoje meus amisCaia na gandaia
@travestiviva
 ¬∑ 14 de abr
Sempre assim"
34,Bru bru,@brunalteles,2021-04-10T13:22:49.000Z,"Hoje eu t√¥ aqui pelo RT da amizade, minha m√£e come√ßou o neg√≥cio de frango assado dela e at√© agora n√£o tem nenhuma encomenda, √© em Taguatinga na QNA 12. Vamos divulgar gente por favor, n√£o quero que ela se frustre no primeiro dia."
35,kaly uchis da asa norte,@a_forasteira,2021-04-10T10:55:04.000Z,Gente ajudem com um RT  cachorrinho da minha colega
36,gabizinha,@gabturquetti,2021-04-09T02:50:44.000Z,Fechamos o projeto 2 hoje e posso afirmar que: finalmente entendi mvc e poo
37,big sean da mooca,@dearjooh,2021-04-08T01:23:09.000Z,"Eu nas aulas com meu teacherDe 
Me chamo Suyane n√£o Tsunami"
38,{reprograma},@ReprogramaBr,2021-03-31T20:30:00.000Z,"As inscri√ß√µes para a turma de Back-end est√£o abertas e v√£o at√© o dia 09/04. E a melhor parte √© que para se inscrever em nosso curso, n√£o √© necess√°rio ter conhecimentos pr√©vios.

Que saber o que √© back-end? Arrasta pro lado pra descobrir!

 Inscreva-se: https://reprograma.com.br/back_end_accenture.html‚Ä¶"
39,jeska #diariodebordo √© gshow,@jeskagrecco,2021-03-31T02:35:58.000Z,quando eu ia no banheiro da firma chorar era exatamente assim:
40,gabizinha,@gabturquetti,2021-03-31T00:48:32.000Z,Torcendo pra ano que vem comemorar meu anivers√°rio fora de casa 
41,gabizinha,@gabturquetti,2021-03-30T16:52:36.000Z,Consumi minha primeira API  *EMOCIONADAH*
42,CAPYBARA MAN,@CAPYBARA_MAN,2021-03-29T16:42:24.000Z,
43,louie ponto,@louieponto,2021-03-27T16:11:09.000Z,"pra quem n√£o me conhece eu sou assimsemigay
@fernandacpriano
 ¬∑ 25 de mar
cuidado com a burra
Mostrar esta sequ√™ncia"
44,Capybaras,@CapybaraCountry,2021-03-26T05:56:51.000Z,this dog is made of coconut
45,gabizinha,@gabturquetti,2021-03-27T18:18:28.000Z,Mam√£e vacinada! 
46,Leonardo Martins,@___leomartins,2021-03-23T23:47:39.000Z,"As mentiras ditas pelo Presidente da Rep√∫blica, Jair Bolsonaro, durante o pronunciamento de hoje:"
47,gabizinha,@gabturquetti,2021-03-23T23:50:16.000Z,Entregar o Qualified da semana na ter√ßa-feira √© 1 al√≠vio
48,rnt mtt,@renatamotta,2021-03-21T21:08:42.000Z,
49,ùïÅùïñùï• ùîπùïùùïíùïîùïú,@phafaelito,2021-03-19T11:04:24.000Z,"foto antiga de pessoas almo√ßando no RU

foto de meados de 2019"
50,Rosana Hermann,@rosana,2021-03-11T13:11:26.000Z,N√£o vai ter porque J√Å EST√Å TENDO
51,Yuri,@yuri_p_martins,2021-03-06T21:46:48.000Z,"N√£o fazer                          fazer faxina
faxina 
                         
                Rinite al√©rgica"
52,amor tes√£o & p√¢nico,@nao_muito,2021-03-07T00:35:18.000Z,"adultos 1990s: economizar pra pagar a faculdade dos filhos

adultos 2020: economizar pra fugir do pa√≠s com os gatos"
53,Leonardo Soares,@Prazer_LeoS,2021-02-07T03:36:27.000Z,"Gente, talvez seja covid tbm ok? O minist√©rio da sa√∫de adverte"
54,Leonardo Soares,@Prazer_LeoS,2021-02-05T22:20:55.000Z,"O tempo virou. Aos al√©rgicos, fiquem tranquilos: √© rinite, n√£o √© covid"
55,gabizinha,@gabturquetti,2021-01-26T21:46:45.000Z,"Comendo um lancho com meu excelent√≠ssimo marido e falando ""que batata frita boa, n√©?"" ""Voc√™ sabe que ela tem Saz√≥n, n√©?""GIF"
56,gabizinha,@gabturquetti,2021-01-26T01:03:00.000Z,"O que os 5 anos fizeram com a gente  
@EduValentin93"
57,louie ponto,@louieponto,2021-01-22T00:03:10.000Z,"que saudade da minha exDilma Rousseff
@dilmabr
 ¬∑ 21 de jan
DILMA RECUSA CONVITE DE DORIA PARA SER VACINADA.
Ex-Presidenta diz que √© inaceit√°vel furar a fila da vacina√ß√£o e que aguardar√° pacientemente a sua vez.
Leia √≠ntegra da nota no link
http://dilma.com.br/dilma-recusa-convite-de-doria-para-ser-vacinada/‚Ä¶"
58,Whindersson,@whindersson,2021-01-11T17:54:45.000Z,Voc√™ percebe que ta ficando adulto quando para de reclamar enquanto pega a bosta do seu cachorro e come√ßa a ficar olhando o coc√¥ pra ver se seu cachorro t√° cagando saud√°vel
59,Tati Nefertari,@TatiNefertari,2021-01-07T16:12:27.000Z,"CoronaVac, pode botar "
60,gabizinha,@gabturquetti,2021-01-06T01:49:45.000Z,amando minhas aulinhas de franceeeeees
61,gabizinha,@gabturquetti,2021-01-04T14:17:06.000Z,"A liberta√ß√£o de n√£o ter mais escola na minha vida √© maravilhosa, triste pelo sal√°rio que perdi mas feliz pela paz de esp√≠rito kkkk"
62,dona can√¥,@cuscuzete,2020-12-25T21:56:59.000Z,h√° 9 meses que a vida do al√©rgico √©: ser√° rinite ou covid?
63,gabizinha,@gabturquetti,2020-12-23T20:44:34.000Z,opa! https://twitter.com/orlandinhouai/status/1341227880316080128‚Ä¶Este Tweet n√£o est√° dispon√≠vel.
64,ondejacyviu,@JacyCarvalho,2020-11-05T01:54:29.000Z,MEU DEUS?????
65,gabizinha,@gabturquetti,2020-11-05T01:56:20.000Z,t√£o cansada que at√© esqueci de dizer que tava cansada dessa brincadeira
66,gabizinha,@gabturquetti,2020-11-05T01:54:47.000Z,amigas sinceramente dessa brincadeira de transi√ß√£o de carreira
67,gabizinha,@gabturquetti,2020-11-05T01:52:59.000Z,"Mais um n√£o pra conta, √¥ caraio"
68,gabizinha,@gabturquetti,2020-10-26T12:12:43.000Z,Fazendo um monte de hora extra que n√£o serei paga pra essa escola safada
69,gabizinha,@gabturquetti,2020-10-26T12:12:21.000Z,"9h e j√° faz duas horas que t√¥ trabalhando, a vida √© bandida mesmo viu"
70,gabizinha,@gabturquetti,2020-10-26T12:10:34.000Z,Tirei o final de semana para desenhar e finalmente um desenho que estou satisfeita kkkk
71,gabizinha,@gabturquetti,2020-10-26T12:09:48.000Z,#NewProfilePic
72,Catker,@CatarinaLuise_,2020-10-25T00:42:53.000Z,"Gente vou deixar nesse post alguns lugares de ATENDIMENTO PSICOL√ìGICO  de baixo custo ou gratuito em BRAS√çLIA

Lembrando que tb sou Psic√≥loga e tenho alguns hor√°rios dispon√≠veis (61)99666-4196

RT pra chegar em todo mundo que precisa "
73,gabizinha,@gabturquetti,2020-10-18T01:59:10.000Z,#NewProfilePic
74,"LUCAS, Marcelo.",@COLAPSITA,2020-10-01T19:37:26.000Z,DF inteiro se transformou em um anfiteatro √†s 14h
75,gabizinha,@gabturquetti,2020-09-30T19:40:06.000Z,"Prefiro eles bem bonitinhos sentados na cadeira e levantando quando eu pe√ßo, por favor kkk"
76,gabizinha,@gabturquetti,2020-09-30T19:39:34.000Z,"crian√ßa pisando no p√© da outra, aluno se ralando no escorredor"
77,gabizinha,@gabturquetti,2020-09-30T19:39:21.000Z,Inventaram de colocar recrea√ß√£o na minha grade e s√≥ quero MORRER
78,gabizinha,@gabturquetti,2020-09-21T21:05:49.000Z,"Exatamente o que t√° rolando aqui no Brasil rssssssssssAtila Imunizando
@oatila
 ¬∑ 21 de set de 2020
Dinamarca, Alemanha, Finl√¢ndia e Noruega retomaram aulas sem problemas. Tinham o surto controlado no pa√≠s, n√£o faltaram testes e os alunos mais novos voltaram primeiro (2 a 12 anos) em grupos de no m√°ximo uma d√∫zia. Mesas afastadas, refeit√≥rios amplos.
https://time.com/5868098/schools-reopening-coronavirus-denmark-south-korea-israel/‚Ä¶
Mostrar esta sequ√™ncia"
79,wandLinha,@wandLinha,2020-09-13T05:45:40.000Z,"que saudade emMacacos Me Mordam‚Ñ¢
@MmMordam2
 ¬∑ 11 de set de 2020
Saudade do Faust√£o interrompendo a Cl√°udia Raia pra anunciar a primeira presidenta eleita do Brasil...
Mostrar esta sequ√™ncia"
80,gabizinha,@gabturquetti,2020-09-10T02:26:24.000Z,"Hoje vi isso na EPTG e fiquei QU√ä? achei que tivesse visto errado KKKKKSherlock Ramos
@gfcramos
 ¬∑ 9 de set de 2020
Bras√≠lia cuidando dos seus"
81,Sherlock Ramos,@gfcramos,2020-09-09T18:08:13.000Z,Bras√≠lia cuidando dos seus
82,gabizinha,@gabturquetti,2020-09-09T17:39:29.000Z,"Contando os dias pra demiss√£o, 104 dias e contando "
83,Kiko,@chblacerda,2020-09-06T11:13:19.000Z,"√â incr√≠vel que vcs cobram tanto dos professores

Did√°tica, √¢nimo, clareza, paci√™ncia, flexibilidade, agilidade

E vcs n√£o conseguem abrir uma c√¢mera"
84,gabizinha,@gabturquetti,2020-09-03T14:38:18.000Z,aaaaaaa
85,gabizinha,@gabturquetti,2020-09-03T14:38:06.000Z,Mais dif√≠cil da transi√ß√£o de carreira √© n√£o se comparar
86,flavia L.,@frufru,2020-09-02T17:22:35.000Z,√© veridica essa nota?
87,AUDL,@theAUDL,2020-09-02T15:46:45.000Z,Ever seen a swing pass huck?
88,luan vinicius lovato,@luanlovato,2020-09-02T18:13:45.000Z,janeiro de 2020 / setembro de 2020
89,gabizinha,@gabturquetti,2020-08-28T21:44:56.000Z,"Gente √© horr√≠vel dar aula pra c√¢mera desligada s√©rio kkkkkalvaro
@alvxaro
 ¬∑ 28 de ago de 2020
eu n√£o estou chorando
voc√™ est√° chorando"
90,luscas,@luscas,2020-08-21T01:02:46.000Z,"t√° nevando em canela no RS 

eh istoDe 
M√≠lton Jung"
91,gabizinha,@gabturquetti,2020-08-18T21:57:02.000Z,ter√ßa-feira e j√° t√¥ a capa do batman
92,Ultiworld,@Ultiworld,2020-08-13T15:13:31.000Z,Happy Trick Shot Thursday!
93,Baby Shark,@EduValentin93,2020-08-12T22:26:04.000Z,"N√£o entendo a idolatria ao Neymar, temos s√≠mbolos muito mais legais no Brasil, como a naja de Bras√≠lia..."
94,‚ô° ùóèùóÇùóçùóéùóëùóà,@vituxor,2020-08-09T18:16:18.000Z,"eu to passando malr KKKKK1:00
2,5 mi visualiza√ß√µes"
95,gabizinha,@gabturquetti,2020-08-08T21:50:44.000Z,"Bando de professor vagabundo, n√©?Fora Bolsonaro
@camilamenezes31
 ¬∑ 7 de ago de 2020
O brasileiro m√©dio odeia os professores."
96,Fora Bolsonaro,@camilamenezes31,2020-08-07T18:23:26.000Z,O brasileiro m√©dio odeia os professores.
97,Rafael Uccman,@rafauccman,2020-08-07T03:44:52.000Z,n√£o √© pq eu to on-line que eu to on-line
98,Ultiworld,@Ultiworld,2020-08-06T15:00:59.000Z,"2 years ago today Ultiworld
@Ultiworld
 ¬∑ 6 de ago de 2018
Unreal catch from @MNSuperiorMixed's Leo Sovell-Fernandez in the YCC semifinals!
Mostrar esta sequ√™ncia"
99,Dobrador de madeira,@GabrielIsLoyal,2020-08-05T13:19:57.000Z,"N√£o, Google fotos, eu N√ÉO QUERO lembrar oq eu tava fazendo esse dia ano passado PQ D√ìI"
100,Laura Jager,@laujagrr,2020-07-20T21:31:46.000Z,tiny paw
101,lucas,@lucasbarbisa,2020-07-17T20:38:37.000Z,"Mais uma sexta-feira sem ver meus amigosA m√≠dia a seguir inclui conte√∫do possivelmente sens√≠vel. Alterar configura√ß√µes
Ver"
102,luscas,@luscas,2020-07-17T16:38:00.000Z,"puts n√£o vamos sair de 2020 nunca maisG1
@g1
 ¬∑ 17 de jul de 2020
#URGENTE - S√£o Paulo cancela festa de R√©veillon na Paulista https://glo.bo/32uwdqX #G1"
103,gabizinha,@gabturquetti,2020-07-17T01:42:37.000Z,"eu e quem? >>>>>
@Sou_SimpaticoCamilla de Lucas
@camilladelucas
 ¬∑ 16 de jul de 2020
Meus amigos vindo com a fofoca e eu completando com a informa√ß√£o chave. twitter.com/vitorvenancio_‚Ä¶"
104,vera holtz irreal,@veraholtzirreal,2020-07-16T17:21:39.000Z,"Pane no sistema algu√©m me desconfigurouCorreio Braziliense
@correio
 ¬∑ 16 de jul de 2020
'N√£o recomendo', diz Bolsonaro sobre tratar covid-19 com hidroxicloroquina https://bit.ly/2WpHTI1
Mostrar esta sequ√™ncia"
105,9GAG,@9GAG,2020-07-15T19:01:00.000Z,"When spider lives in your house rent-free

  
@christiand0:20
255,5 mil visualiza√ß√µes"
106,gabizinha,@gabturquetti,2020-07-13T00:58:47.000Z,"I'm publicly committing to the 100DaysOfCode Challenge starting today! Learn More and Join me! hey 
@ka11away
 https://100DaysOfCode.com #100DaysOfCode#100DaysOfCode
The Official Website for the Challenge
100daysofcode.com"
107,Hannah Hillam,@HannahHillam,2020-04-28T08:17:54.000Z,Another beautiful day!!
108,Krishna,@kribshna,2020-07-11T15:58:32.000Z,"A Naja falando do playboyDe 
gui sousa"
109,gabizinha,@gabturquetti,2020-07-11T02:59:36.000Z,Gente que dia horr√≠vel kkkkk aff
110,o garibaldo,@opiordegabriel,2020-07-08T16:01:08.000Z,"pessoal, fiz esse v√≠deo em homenagem a UnB

espero que gostem "
111,Gabriel,@gabrielbeblo,2020-06-30T22:01:32.000Z,Imagina o arrependimento do cachorro que saiu correndo quando viu o port√£o de casa aberto
112,gabizinha,@gabturquetti,2020-06-30T19:33:09.000Z,"Ainda rindo desculpa amigakaly uchis da asa norte
@a_forasteira
 ¬∑ 29 de jun de 2020
Quantos reais de aumento eu mere√ßo por passar essas vergonha?
Mostrar esta sequ√™ncia"
113,gabizinha,@gabturquetti,2020-06-30T01:40:33.000Z,"Maria Clara S√ì FEZ O MEU DIAkaly uchis da asa norte
@a_forasteira
 ¬∑ 29 de jun de 2020
Quantos reais de aumento eu mere√ßo por passar essas vergonha?
Mostrar esta sequ√™ncia"
114,Correio Braziliense,@correio,2020-06-28T01:02:55.000Z,N√£o h√° possibilidade de volta √†s aulas presencial em 2020 na UnB https://bit.ly/2NAdcL9
115,Metr√≥poles (de ),@Metropoles,2020-06-27T13:17:25.000Z,"Pesquisa do Datafolha mostra que, para 76% dos brasileiros, escolas n√£o deveriam reabrir nos pr√≥ximos 2 meses, por conta da Covid-19. O estudo mostra que a maioria, em todas as faixas de renda e em todas as regi√µes do pa√≠s, defende que as escolas continuem fechadas #Metr√≥poles"
116,gabizinha,@gabturquetti,2020-06-27T19:38:49.000Z,"@amandacmpl
 vc sabe qual √© a palavra?"
117,gabizinha,@gabturquetti,2020-06-27T18:54:53.000Z,Na segunda-feira um aluno meu perguntou se eu sabia qual era a maior palavra do alfabeto e impressionada como os banguelinha de 9 anos s√£o GENIAIS pois rindo muito toda hora que lembro da resposta
118,bruno,@lwnzi,2020-06-27T17:22:58.000Z,"puts meus alunos acabaram de traduzir 
kidney
como

menino
ney"
119,Berk‚Ñ¢,@CaioBerkley,2020-06-25T23:16:22.000Z,Liga o som
120,xtatuadorx,@KenjiSxe,2020-06-24T03:25:00.000Z,Mas tu √© cara de pau neh?
121,gabizinha,@gabturquetti,2020-06-24T18:43:17.000Z,Amo tanto dar aula on-line que chorarei quando as presenciais voltarem
122,gabizinha,@gabturquetti,2020-06-24T18:41:53.000Z,"Professor se lascando mais uma vez, pra variar"
123,gabizinha,@gabturquetti,2020-06-24T18:41:42.000Z,O ponto que mais me preocupa com essa abertura das escolas √©: o professor vai ter que dar aula presencial E on-line?
124,gabizinha,@gabturquetti,2020-06-23T18:20:56.000Z,Amo fazer home office mas tem dias que a motiva√ß√£o t√° l√° na casa do chap√©u e eu s√≥ quero:GIF
125,gabizinha,@gabturquetti,2020-06-22T14:50:04.000Z,"Gente como assim no meio duma pandemia mais 1 mi de infectados, mais de 50 mil mortes, tem gente casando?????????????????????"
126,gabizinha,@gabturquetti,2020-06-21T13:20:04.000Z,"eu ate hj pisando na unbdudu
@OEduardoDias
 ¬∑ 19 de jun de 2020
eu na primeira semana de unb
Mostrar esta sequ√™ncia"
127,dudu,@OEduardoDias,2020-06-19T15:06:33.000Z,"eu na primeira semana de unb0:06
54,8 mil visualiza√ß√µes"
128,luciano,@niihillab,2020-06-18T14:16:37.000Z,"como dar um comprimido para um gato:

1¬∞ passo

retire o comprimido do inv√≥lucro, pegue o gato, abra a boca dele e introduza o comprimido."
129,gabizinha,@gabturquetti,2020-06-19T01:14:18.000Z,"A√≠ amigos essa pandemia n√£o est√° f√°cil que saudade dos meus mig@s lind@s 
@amandacmpl
 e 
@Sou_Simpatico"
130,gabizinha,@gabturquetti,2020-06-18T13:54:42.000Z,"Eu quando vou no estacionamento do meu pr√©dioCeil√¢ndia MuitaTreta
@ceimuitatreta
 ¬∑ 17 de jun de 2020
Vou l√° fora, nem ta ventando assim.
Eu."
131,abubl√©,@choracuica,2020-06-17T15:50:16.000Z,"isso √© que eu chamo de transmiss√£o ao vivoHugo Gloss
@HugoGloss
 ¬∑ 17 de jun de 2020
Ao vivo, rep√≥rter da Record faz teste de Covid-19 e resultado d√° positivo: ‚ÄúN√£o imaginei mesmo‚Äù ‚Äì Assista http://bit.ly/30SADHw (: Reprodu√ß√£o/YouTube)"
132,Bruno Andreghetti,@bandreghetti,2020-06-07T04:37:19.000Z,√© mt triste fazer parte das 17 pessoas do brasil q t√£o praticando o isolamento
133,gabizinha,@gabturquetti,2020-06-08T00:43:06.000Z,Ate o final da quarentena abro meu sal√£o especializado em pixie hair
134,naabueno_,@naabuenoo,2020-06-02T22:56:20.000Z,Vc j√° me encheu a paci√™ncia covid19 
135,gabizinha,@gabturquetti,2020-05-31T23:46:33.000Z,"Quem encheu demais o saco do 
@EduValentin93
 pulando em cima dele e agora t√° com os pontos doendo???? Euzinhaaaa"
136,Baby Shark,@EduValentin93,2020-05-28T13:46:47.000Z,Vai chegando sexta feira o cora√ß√£o palpita. Qual ser√° a not√≠cia catastr√≥fica e depressiva da semana? Aprendi nessa quarentena a sempre ter cervejas guardadas para as sextas.
137,louie ponto,@louieponto,2020-05-26T15:34:35.000Z,eu n√£o entendo quem t√° QUERENDO se aglomerar nesse momento. eu vou precisar de muita terapia pra me sentir segura de novo mesmo depois de atila bater na minha porta dizendo que t√° tudo bem.
138,gabizinha,@gabturquetti,2020-05-23T07:02:09.000Z,"Hoje a saudade dilacerou meu cora√ß√£o, n√£o cabe no peito a saudade que eu t√¥ sentindo da minha fam√≠lia"
139,gabizinha,@gabturquetti,2020-05-23T07:00:51.000Z,"N√£o √© que n√£o posso n√©, mas n√£o √© o correto. Essa n√£o √© hora pra gente ser ego√≠sta :-)"
140,gabizinha,@gabturquetti,2020-05-23T07:00:10.000Z,"T√¥ bem indignada com a galera que quebra a quarentena pra ir ver fam√≠lia, t√¥ morrendo de saudades do meu irm√£o que n√£o mora nem a 10km de mim e n√£o posso v√™-los. Meu sobrinho vai t√° na faculdade quando eu ver ele de novo e tudo culpa de vcs seus puto"
141,o cara do harrypotter q √© maconheiro o sirius beck,,2020-05-21T23:13:12.000Z,vai uma mijada na roda chefia ?
142,gabizinha,@gabturquetti,2020-05-21T23:14:02.000Z,muito dif√≠cil esse neg√≥cio de ser uma lonely wolf sem amigos no animal crossing kkkk
143,AUDL,@theAUDL,2020-05-20T02:30:09.000Z,My plans            2020
144,Sensacionalista,@sensacionalista,2020-05-15T15:27:36.000Z,"Maioria dos brasileiros tamb√©m quer sair do governo Bolsonaro, diz estudo
https://sensacionalista.com.br/2020/05/15/maioria-dos-brasileiros-tambem-quer-sair-do-governo-bolsonaro-diz-estudo/‚Ä¶"
145,gabizinha,@gabturquetti,2020-05-15T12:29:15.000Z,hoje acordei ligada nos 220V PORQUE HOJE √â SEXTA FEIRA
146,Mark Richardson,@slavetothehat,2020-05-11T22:48:11.000Z,I work for the Canadian federal government and they sent out an email with work at home guiding principles. It‚Äôs amazing to work for a place that speaks like this.
147,gabizinha,@gabturquetti,2020-04-20T15:36:22.000Z,"Saudades do que nunca fiz, mas faria se fosse necess√°rio pro coringa passar e eu voltar a jogar KKKKKKKAUDL
@theAUDL
 ¬∑ 20 de abr de 2020
Heading into the new week like "
148,gabizinha,@gabturquetti,2020-04-17T13:57:29.000Z,"Saudade de jogar e competir, n√© minha filha?AUDL
@theAUDL
 ¬∑ 17 de abr de 2020
Send it "
149,AUDL,@theAUDL,2020-04-17T12:44:00.000Z,Send it 
150,lucas paiva,@paiva,2020-04-17T02:12:56.000Z,"ivy: deus vai me ajudar a ganhar essa prova 

a internet: https://twitter.com/findurvideo/status/1208944918225309697/video/1‚Ä¶"
151,gabizinha,@gabturquetti,2020-04-16T12:38:57.000Z,T√Å LIBERADO DAR AULA DEBAIXO DAS COBERTAS HJ?
152,Isa,@isamttriste,2020-04-15T02:02:49.000Z,"gin = alcool 70
t√¥nica = cloroquina
gin tonic = coquetel anticoronavirus repassem!"
153,gabizinha,@gabturquetti,2020-04-14T23:27:30.000Z,ai que saudade do meu frisbeezinho
154,Charles Cleary,@unchuckable,2020-04-14T15:56:46.000Z,"If we ever get to play frisbee again, the fields will be nice."
155,AUDL,@theAUDL,2020-04-13T21:32:48.000Z,Head on a swivel
156,Ultimate Problems,@UltiProblems,2020-04-13T18:22:22.000Z,Arriving at a restaurant for the post-tournament meal:
157,gabizinha,@gabturquetti,2020-04-13T16:12:17.000Z,"Saudade que fala n√©Ultiworld
@Ultiworld
 ¬∑ 13 de abr de 2020
This is unfair "
158,Vinicius Wester,@viniciuswester,2020-04-01T03:33:36.000Z,"Vamo galera, falta s√≥ um #bbb20"
159,gabizinha,@gabturquetti,2020-04-01T02:57:05.000Z,AM√âM SENHOR
160,isabeautiful,@IMoitinho,2020-03-28T14:09:32.000Z,BAHIA S√ì TEM LENDA
161,gabizinha,@gabturquetti,2020-03-29T00:09:25.000Z,Criando coragem pra fazer 1 risotinho
162,gabizinha,@gabturquetti,2020-03-27T14:24:58.000Z,Trabalhando nessa quarentena como nunca trabalhei na vida
163,luscas,@luscas,2020-03-23T20:41:09.000Z,"eu to rindo mas juro que eh com respeitoA Gazeta ES
@AGazetaES
 ¬∑ 23 de mar de 2020
Prefeitura tira bancos de avenida para manter idosos em casa no ES  https://leia.ag/je49rf"
164,Jesse Shofner,@JesseShofner,2020-03-23T00:19:19.000Z,"This clip is getting a lot of love on insta so I figured it deserved more eyes. 

Just.Filthy.0:02
54,8 mil visualiza√ß√µes"
165,louie ponto,@louieponto,2020-03-21T18:40:45.000Z,se algu√©m estiver atacando o atila eu vou defend√™-lo com minhas pr√≥prias m√£os
166,Melanie Schmitz-Psomas,@MelsLien,2020-03-20T22:20:38.000Z,"Airlines: $35 to put your bag on our plane

Airlines: $16 for bag of chips

Airlines: Sorry you want your *legs* to fit? $75

Airlines: haha, you have to fork over an extra $50 to choose the seat you already paid for

Airlines:

Airlines: Oh no someone help us we r out of monies"
167,Fernando Badaui,@fbadaui,2020-03-21T01:56:11.000Z,Ouve a√≠ ego√≠sta.
168,gabizinha,@gabturquetti,2020-03-21T12:51:46.000Z,Cabei de deixar minha m√£e no aeroporto pra ela voltar pra SP e meu cora√ß√£o t√° despeda√ßado
169,·¥ç·¥á·¥Ñ s·¥õ·¥á·¥á ü,@brieelga,2020-03-20T01:03:18.000Z,"‚Äúidosos est√£o no grupo de risco e devem ficar em casa de quarentena‚Äù

os idosos:"
170,gui,@glhrmcstr,2020-03-16T14:59:58.000Z,"que √≥dio ter que reconhecer o ibaneis como super sensato por estar fazendo simplesmente o b√°sico pq o b√°sico nessa bosta de pa√≠s j√° se tornou algo grandioso pq s√≥ tem lun√°tico no poderCoronav√≠rus: GDF dar√° bolsa alimenta√ß√£o para pais de alunos da rede p√∫blica
Medida tem como objetivo compensar a falta de alimenta√ß√£o das escolas durante o per√≠odo de 15 dias de suspens√£o das aulas, por conta da contamina√ß√£o pelo Covid-19
correiobraziliense.com.br"
171,Governo do Distrito Federal - GDF,@Gov_DF,2020-03-16T20:02:38.000Z,"#CORONAV√çRUS | √â tempo de preven√ß√£o 

Confira as iniciativas do #GDF para fortalecer o enfrentamento ao novo coronav√≠rus (Covid-19) na Capital. Acesse  http://bit.ly/2TU2LWF

#covid19 #prevencao #GDF2020 #pandemia #DF"
172,Lesbigay,@amandacmpl,2020-03-16T14:20:12.000Z,"Ajuda nois a√≠ jovenslaurinha lero
@laurinhalero
 ¬∑ 16 de mar de 2020
se o pyong sair eu posto epis√≥dio novo
Mostrar esta sequ√™ncia"
173,Vittinho,@VittorGuidoni,2020-03-12T13:35:00.000Z,"a duvida eterna de quem tem rinite:

√© corona, ou meu sistema imune retardado?"
174,videos inuteis para sua vida triste,@mostachico,2020-03-12T00:05:10.000Z,"eu indo encher o saco da unica pessoa que me suportaDe 
„Çä„Çì„Åî„Çä„Çì"
175,"Helen√£o, a fada",@dii_lua,2020-03-05T22:06:12.000Z,"Pessoal,

Estou a procura de emprego. T√¥ aceitando vagas pra Cientista de Dados e Desenvolvedora (de prefer√™ncia Python) tamb√©m.

Vale vaga pra SJC, SP e remota.

Sei que sempre divulgo oportunidades, mas agora t√¥ precisando de uma, ent√£o me mandem vagas :) 

 RT do amor "
176,gabizinha,@gabturquetti,2020-03-02T18:05:30.000Z,"gente por favor nunca pedi nada pra vcs, comprem a rifa do meu time kkk  cada K √© uma l√°grima pq como √© caro competir"
177,victor queiroz,@victuqueiroz,2020-02-29T14:32:02.000Z,teoria da branca de neve sorrindo um dia e chorando sete
178,cecilia,@cagethececis,2020-02-23T16:09:04.000Z,"a leptospirose na √©poca de enchenteDe 
ivy"
179,Hel√¥ 16/8: VENDAS DA #HQISOLAMENTO ABERTAS,,2020-02-21T21:17:51.000Z,MEU DEUS EU TO FAZENDO FAXINA E ACHEI UMA BARBIE MINHA AMASSADA NUMA CAIXA E AGORA N√ÉO CONSIGO PARAR DE RIR KKKKKKKKKKKKKKKKKK
180,Delirium Nerd,@delirium_nerd,2020-02-19T16:33:18.000Z,"Sua tarde n√£o ser√° a mesma ap√≥s esse v√≠deo 

 https://twitter.com/a_masidda_/status/1229352379750871041/video/1‚Ä¶"
181,aline,@tdbem,2020-01-30T01:23:43.000Z,o corona v√≠rus se chegar no brasil n√£o vai entrar nem no top 5 maiores problemas que a gente tem
182,louie ponto,@louieponto,2020-01-29T18:22:10.000Z,quando a gente descobre que rela√ß√µes podem ser simples e leves a gente n√£o aceita menos do que isso
183,nath araujo,@nanaths,2020-01-27T20:23:35.000Z,o natal da billie eilish
184,gabizinha,@gabturquetti,2020-01-26T20:34:52.000Z,"N√£o fa√ßo ideia de quem seja mas eu, garimpeira de brech√≥ j√° quase comprei algumas coisas que EU MESMA tinha doado KKKKK e j√° comprei roupa da miga que doa no mesmo lugar que eu kkkkkevie zamora
@rianphin
 ¬∑ 25 de jan de 2020
Does anyone remember the story where Zoe Kravitz went thrifting in this charity shop and brought her purchases home to show her mom like ‚Äúhey look what I got at the thrift store, so cute‚Äù and her mom was like ‚ÄúI donated those clothes there last week those were mine‚Äù
Mostrar esta sequ√™ncia"
185,kiki,@kearalorraine,2020-01-21T21:18:48.000Z,this is what the inside of my brain looks like today
186,kaly uchis da asa norte,@a_forasteira,2020-01-22T14:49:43.000Z,Nunca vou entender esse look carolissima da blair em yale???????? Parecendo uma secretaria de paroquia
187,gabizinha,@gabturquetti,2020-01-20T22:42:28.000Z,"Consegui nem ler o t√≠tulo do artigo, s√≥ dei um belo parab√©ns pra autora que porra, t√° de parab√©ns demais e fechei kkk"
188,gabizinha,@gabturquetti,2020-01-20T22:41:23.000Z,"Ser√° que agora que meu orientador tem um artigo na nature como coautor, ele me deixa em paz?"
189,al√™,@surfinbird_,2020-01-20T18:45:40.000Z,"Por que tudo para mulher √© sintoma de gravidez??? Minha palpebra t√° inchada as causas podem ser conjuntivite e gravidez. Agora al√©m de inchada a p√°lpebra t√° tremendo. Obrigada, 
@Google"
190,vittor,@vittor,2020-01-19T19:38:17.000Z,"a hermione depois de terem derrotado o valdemortDe 
videos inuteis para sua vida triste"
191,raeesa,@raeesajhetam,2020-01-18T09:04:46.000Z,I may or may not have watched this over 108496 times
192,maru√≠,@dignissima,2019-12-25T21:46:48.000Z,"‚Äúcalma, isso √© s√≥ uma fase‚Äù

a fase:De 
CAPTION IT !"
193,gabizinha,@gabturquetti,2019-12-20T18:00:28.000Z,"Inclusive amigas, mandem jobs pra essa mestre desempregada obrigada bjs"
194,gabizinha,@gabturquetti,2019-12-20T17:59:05.000Z,Amigas algu√©m com experi√™ncia trabalhando como professora de ingl√™s pra ajudar nois?
195,Ultiworld,@Ultiworld,2019-12-17T02:20:14.000Z,Catch of the year?
196,Jesus,@sincerojesuis,2019-12-12T01:03:33.000Z,"‚Äúeu que lute""

minha sa√∫de mental:"
197,vicente van gogh,@umvicente,2019-12-10T18:33:20.000Z,VAI TOMA CAF√â N√ÉO CARALHO???????
198,D√©ia Freitas,@NaoInviabilize,2019-12-10T19:00:25.000Z,"o pessoal pede CARNE agoraLa√≠s Ribeiro
@lahh_ribeiro
 ¬∑ 9 de dez de 2019
A galera n√£o tem limites na cara de pau
Mostrar esta sequ√™ncia"
199,gabizinha,@gabturquetti,2019-12-09T03:41:43.000Z,como ver atypical sem chorar: pesquisar
200,gabizinha,@gabturquetti,2019-12-08T22:30:47.000Z,capacete shape nunca mais
201,gabizinha,@gabturquetti,2019-12-08T22:30:35.000Z,"finalmente aprendi a finalizar meu cabelo, am√©m"
202,ari noert,@arinoert,2019-12-07T15:22:22.000Z,"O Da Vinci √© famoso por nunca terminar NADA e eu achava que era procrastina√ß√£o 

At√© ver os di√°rios dele 

Ele fazia umas TO DO LIST todo dia e era tipo:
- Descobrir porque o c√©u √© azul 
- Observar pata de ganso 
- Porque caralhos os p√°ssaros s√£o mais r√°pidos que os peixe??"
203,luscas,@luscas,2019-12-05T13:08:10.000Z,preciso dessas figurinhas pra ontem
204,andr√© balen,@aandrebalen,2019-12-02T22:43:14.000Z,"quando vcs enaltecem homem por fazer o minimoDe 
…¢·¥Ä…¥ è·¥ç·¥á·¥Ö·¥á"
205,arlinds,@arlinds,2019-12-03T13:03:43.000Z,"Ana Maria Braga tem o emprego dos sonhos n√©

Milion√°ria fazendo duas propagandas por programa, comendo um cupim assado com batata as 10h da manh√£ e ainda por cima sem precisar interagir com seres humanos, apenas um fantoche de papagaio."
206,gabizinha,@gabturquetti,2019-11-29T22:19:35.000Z,miga rafa cortou cabelo curtinho e t6o com essa ideia h√° meses e c√° estou estou LOUCA pra meter a tesoura nesse cabelinho tb.
207,gabizinha,@gabturquetti,2019-11-25T01:51:41.000Z,Ansiosa pro role das migas do up pra encher meu buchinho
208,gabizinha,@gabturquetti,2019-11-22T14:36:15.000Z,Finalmente fazendo jus a foto de perfil do meu twitter am√©m
209,gabizinha,@gabturquetti,2019-11-22T14:35:52.000Z,"Muito feliz de comer carboidrato de novo, que vida boaaaaaa"
210,Me Solta,@EtMeSolta,2019-11-22T11:31:57.000Z,Sextou com S de sossego.
211,Mad Udderburn,@mad_udderburn,2019-11-21T19:26:39.000Z,"Messed up the first upload, trying again..."
212,gabizinha,@gabturquetti,2019-11-20T19:28:36.000Z,E aquela sensa√ß√£o que t√¥ decepcionando todos os professores que eu to pegando mat√©ria? mesmo sabendo que n√£o vou mais ficar no doutorado?
213,AUDL,@theAUDL,2019-11-19T19:40:27.000Z,"It's hammertime 
#AUDL20193:19
7,6 mil visualiza√ß√µes"
214,D√©ia Freitas,@NaoInviabilize,2019-11-19T17:35:01.000Z,"gente, socorro, precisa FERVER o palmito em conserva por 15 minutos??????
sempre comi direto do vidro aimeudeus eu to cheia de doen√ßaaaaa"
215,College Student,@FactsOfSchool,2019-11-18T21:26:27.000Z,Me
216,gabizinha,@gabturquetti,2019-11-17T12:17:59.000Z,S√≥ quero meu diagn√≥stico
217,gabizinha,@gabturquetti,2019-11-17T12:17:50.000Z,"A agonia que eu t√¥ pra fazer essa resson√¢ncia, sos"
218,brino,@Brunozor,2019-11-15T21:40:06.000Z,"vo numa festa de anivers√°rio surpresa hoje

nunca fizeram uma pra mim 

teve uma vez que eu achei que era 

na vdd tava todos meus amigo a√≠ ia da 00:00 eu achei que eles ia fingi que esqueceu e me pega de surpresa 

mas eles simplesmente esqueceu mesmo"
219,Higor,@higorpaiva_,2019-11-15T20:19:27.000Z,Quando a vida tenta me derrubar  https://twitter.com/repigatoras/status/1169364047424315392/video/1‚Ä¶
220,gabizinha,@gabturquetti,2019-11-16T10:55:14.000Z,"Tudo o que eu queria era conseguir voltar a jogar direito sem ter reca√≠das dessa diaba de inflama√ß√£o, √© isso"
221,memes inuteis para salvar sua vida inutil,@memeinutil,2019-11-04T14:06:22.000Z,
222,gabizinha,@gabturquetti,2019-11-04T12:53:37.000Z,"Hoje eu vou ter aquela conversa com meu orientador, passando muito mal, est√¥mago embrulhado... Desistir e largar o osso das coisas que um dia a gente quis tanto, n√£o √© f√°cil"
223,SALŒò,@lcsslm,2019-11-02T15:39:49.000Z,na moral tem um outdoor de um beb√™ avatar gigante no meio de √°guas claras e ningu√©m t√° falando sobre isso
224,sol,@uaisool,2019-10-30T15:15:42.000Z,pfvr band n√£o fa√ßa um pesadelo na cozinha no restaurante careca em bras√≠lia pq eu prefiro n√£o saber o que acontece... afinal o que os olhos nao veem o cora√ß√£o n√£o sente ou o est√¥mago no caso
225,juliana rodrigues,@juziuzi,2019-10-28T14:17:04.000Z,"eu que lute

eu lutando:"
226,victro,@Ioonaways,2019-10-27T17:12:50.000Z,"eu indo desabafar no twitter / lembrandoq meus amigos me seguem e n podem saber q quero morrer todo dia0:01
110,9 mi visualiza√ß√µes
De 
GBL"
227,ands,@andsoliveira_,2019-10-22T23:39:18.000Z,Minha sobrinha estudando √© meu estado de esp√≠rito
228,renata,@hackermann_,2019-10-23T20:29:11.000Z,tira a mochila das costas dentro do √¥nibus porra por acaso tu √© uma tartaruga ninja??? te orienta
229,milena,@wwwmlna,2019-10-21T23:20:25.000Z,"sexo N√ÉO sustenta namoro, existem coisas mais importantes. O que √© realmente necess√°rio √© as duas pessoas gostarem de Brooklyn 99"
230,Babi,@babi,2019-10-16T05:17:25.000Z,Eu to indo dormir assim hoje
231,Citizen TV Kenya,@citizentvkenya,2019-10-12T08:18:19.000Z,"BREAKING: HISTORY as #EliudKipchoge, world‚Äôs greatest marathoner, becomes the first human to run a marathon in under 2 hours.

Kipchoge finished in 1:59:40. #INEOS159 #IneosChallenge"
232,blessinho,@lefreakvic,2019-10-10T23:36:07.000Z,Vamos ent√£o de skol beats 150 bpm menines
233,PASV Token,@pasvtoken,2019-10-10T15:55:21.000Z,"this will forever be I C O N I C 
https://twitter.com/Freindshow/status/1171830631787106306/video/1‚Ä¶"
234,Diva Depress√£o,@DivaDepressao,2019-10-08T00:27:15.000Z,Pra mim essa nova skol beats parece um desodorante!
235,Conrad,@_conradsleet,2019-10-01T19:27:27.000Z,biggest plot twist of my generation
236,Daniel Bn,@danielcerejeira,2019-10-02T03:32:23.000Z,"‚Äúvoc√™ estava certo‚Äù 

eu  https://twitter.com/ScoopTCQ/status/1178396360426450944/video/1‚Ä¶"
237,gifs de animalzinho,@gifsdeanimal,2019-09-26T11:12:29.000Z,queria eternizar esse v√≠deo  https://twitter.com/DoingJobs/status/1177178636564094976/video/1‚Ä¶
238,TANTO,@tantotupiassu,2019-09-25T00:08:41.000Z,"Era um final de tarde de setembro de 2011. Tinha chegado da firma e estava na janela do apartamento, cansado, olhando o movimento, e vi tudo acontecer:

Dois meninos numa bicicleta, em alta velocidade, passam do lado de uma senhora e zap, levam o cord√£o...

Mas deu ruim!"
239,fumei diamba vencida,@brusnos,2019-09-25T15:19:25.000Z,
240,juliana rodrigues,@juziuzi,2019-09-25T02:09:27.000Z,eu indo perturbar a unica pessoa q me aguenta https://twitter.com/tuitermp4/status/1175112967047798785/video/1‚Ä¶
241,DILSS,@adilahnm,2019-09-18T10:43:25.000Z,"At the end of the day everyone has a family to go home to. Dont let your reckless behaviours affect others¬∞tahu crispy¬∞
@Remahanpeyek11
 ¬∑ 17 de set de 2019
Jangan buang sampah kaca/jarum ataupun benda tajam sembarangan guys, reminder juga buat semua
Mostrar esta sequ√™ncia"
242,jesca,@jessicambrosio,2019-08-20T13:39:11.000Z,
243,luscas,@luscas,2019-08-12T23:05:26.000Z,simplesmente euzinha #sazonparapipoca #adGIF
244,luscas,@luscas,2019-08-09T22:12:10.000Z,esse pra mim eh o melhor v√≠deo da semana e nada pode mudar minha opini√£o  https://twitter.com/candidatonica/status/1159534952121344000/video/1‚Ä¶
245,Traffic Ultimate,@traffic_ulti,2019-08-09T04:05:45.000Z," #pride0:09
5,2 mil visualiza√ß√µes"
246,Jojobinha,@pretajoy1,2019-08-09T03:08:03.000Z,"Galerinha da licenciatura ou que gosta de educa√ß√£o, 
Minha m√£e t√° organizando um simp√≥sio  voltado pra educa√ß√£o e toda ano flopa pq os prof n√£o d√£o valor 
Como eu acredito na juventude t√¥ aqui chamando voc√™s
Se n√£o puder ir fortalece no RT
Obs: vai ter lanches kk"
247,Ultimate Problems,@UltiProblems,2019-08-08T14:57:51.000Z,"Thinking about that drop last night
#InternationalCatDay"
248,gabizinha,@gabturquetti,2019-08-06T15:54:32.000Z,a gente s√≥ n√£o entra no desespero pq afinal foram muitos c√°lculos at√© aqui mas kkkkkk
249,gabizinha,@gabturquetti,2019-08-06T15:53:54.000Z,"t√¥ vendo c√°lculo depois de quase dois anos sem fazer uma conta, gente do c√©u"
250,gabizinha,@gabturquetti,2019-07-30T01:04:54.000Z,o dinheiro mais bem gasto desse ano t√° sendo o yalla habibi e o funcional
251,Inna Ruda,@innaruda_,2019-06-17T19:28:33.000Z,My kind of relationships. #klimt #cat
252,Ultiworld,@Ultiworld,2019-07-20T15:16:34.000Z,"U24 Worlds Podiums!

Men's





Mixed





Women's"
253,LB,@BitterTwitts,2019-07-07T23:05:00.000Z,This. 
254,gabizinha,@gabturquetti,2019-07-07T21:39:00.000Z,"no meu caso, a inesperada foi o maravilhoso iptu que eu esqueci COMPLETAMENTE que come√ßava m√™s passado kkkkkk"
255,gabizinha,@gabturquetti,2019-07-07T21:38:37.000Z,√© s√≥ conta inesperada que chega nessa casa kkkkkk aiaiaiai
256,gabizinha,@gabturquetti,2019-06-13T07:30:23.000Z,"Acabei de enviar minha vers√£o final da disserta√ß√£o pro meu orientador e ainda n√£o sei o que sentir, t√¥ sem rea√ß√£o"
257,gabizinha,@gabturquetti,2019-06-13T02:30:45.000Z,pra renovar as ideias pro doutorado
258,gabizinha,@gabturquetti,2019-06-13T02:30:34.000Z,"Nem t√¥ crendo que termino minha disserta√ß√£o hoje e amanh√£ vou poder ocupar essa minha linda cabecinha com aquele ""√≥cio mental"" MARAVILHOSO que estou precisando"
259,thay,@thaycgs,2019-05-26T20:55:20.000Z,"esse v√≠deo do dono do gato ensinando ele a parar de morder deveria ser patrim√¥nio hist√≥rico da humanidade0:08
1,3 mi visualiza√ß√µes"
260,USA Ultimate,@USAUltimate,2019-05-26T18:47:39.000Z,"Another look at Dena Elimelech's double-game point layout grab, courtesy of 
@unchuckable
. #USAUD1CHAMPS #USAUltimate #LegaciesStartHere"
261,gabizinha,@gabturquetti,2019-05-23T23:26:44.000Z,Artigo cient√≠fico √© diferente de resumo que √© diferente de resumo expandido
262,gabizinha,@gabturquetti,2019-05-23T23:26:04.000Z,"Quanto mais tempo fico nessa vida de pesquisadora, mais percebo o quanto que as pessoas n√£o sabem o que realmente √© um artigo cient√≠fico."
263,gabizinha,@gabturquetti,2019-05-23T18:54:27.000Z,"NUNCA FUI T√ÉO BEM REPRESENTADA NO MEU FINAL DE MESTRADOari
@ariannanfs
 ¬∑ 22 de mai de 2019
Quando voc√™ n√£o aguenta mais estudar e estuda na base do √≥dio
Mostrar esta sequ√™ncia"
264,ùöôùöíùöñùöéùöóùöùùöú,@mcpiments,2019-05-22T15:07:22.000Z,"sa√≠ do uber agora dei boa tarde e o motorista nem respondeu

parece que os cortes na educa√ß√£o j√° come√ßaram"
265,gabizinha,@gabturquetti,2019-05-21T00:36:56.000Z,Eu amo meu time mas √© cada pepino de camiseta que tem que resolver que d√° vontade de sair correndo
266,Blog da Jane Andrade,@blogjaneandrade,2019-05-09T01:09:41.000Z,"Todo dia um 7 x 1 diferente
https://noticias.uol.com.br/ultimas-noticias/deutschewelle/2019/05/08/alemanha-anuncia-160-bilhoes-de-euros-para-universidades-e-pesquisa.htm?utm_source=facebook&utm_medium=social-media&utm_campaign=uol&utm_content=geral‚Ä¶"
267,gabizinha,@gabturquetti,2019-05-09T00:42:45.000Z,"√© isso. Voc√™ sonha, voc√™ projeta a sua vida inteira pra estar onde voc√™ est√° agora e quando voc√™ vai dar o √öLTIMO passo, vc leva um soco no est√¥mago"
268,gabizinha,@gabturquetti,2019-05-09T00:40:57.000Z,Apenas indo dormir com a not√≠cia que eu n√£o vou ser doutora t√£o cedo
269,gabizinha,@gabturquetti,2019-04-18T13:48:51.000Z,"TENHO QUE ENTREGAR MINHA DISSERTA√á√ÉO DAQUI 1 M√äS, SOCORRO"
270,gabizinha,@gabturquetti,2019-04-17T21:20:13.000Z,"t√¥ com aquela vontade de mandar todos os coautores do meu artigo que s√£o da usp tomar no cu, DESGRA√áA"
271,gabizinha,@gabturquetti,2019-04-11T23:45:55.000Z,sdds quando mamai pagava meus √≥culos e me dava presente de anivers√°rio
272,gabizinha,@gabturquetti,2019-04-11T23:45:32.000Z,j√° t√¥ vendo que vou ter que trabalhar igual uma cachorra pra conseguir trocar de √≥culos
273,gabizinha,@gabturquetti,2019-04-11T23:45:09.000Z,passou da hora de ir no oftalmologista
274,gabizinha,@gabturquetti,2019-04-11T23:39:09.000Z,"QUERO IMPRIMIR E COLAR NO VIDRO DO CARRO ESSE TWEET PRA VER SE OS PASSAGEIROS SE LIGAMIira
@Iiracae
 ¬∑ 8 de abr de 2019
quando voc√™s pedirem a porra do Uber fiquem atentos a porra do celular 

n√£o pe√ßam antes de estarem prontos no lugar de entrar na porra do carro 

n√£o pe√ßam e larguem o celular pra fazer outra coisa, caralho 

e n√£o reclamem de pagar taxa de cancelamento quando vcs forem babacas
Mostrar esta sequ√™ncia"
275,Alfinetei #BBB21,@ALFINETEI,2019-04-09T23:19:39.000Z,"esse senhor passeando de bicicleta com os dogs dele vai ser a melhor coisa que voc√™ ver√° hoje0:14
511,2 mil visualiza√ß√µes"
276,augusto,@augustoecesar,2019-04-09T20:11:18.000Z,personagens do cinema nacional que derrotariam o thanos
277,Juridico Diego Barbosa,@diiegob_,2019-04-09T12:50:25.000Z,Personagens aleat√≥rios que derrotariam o Thanos
278,ÔºπÔºµÔºÆÔºß Ê∞¥‚Ñ¢,@_guiottoni,2019-03-27T17:41:21.000Z,"Eae galerinha, beleza? Eu n√£o sou de fazer essas coisas mas √© o seguinte: minha m√£e recentemente foi demitida do trampo e ela sempre produziu umas artes caseiras (caneca, camiseta, caixinhas e etc) ela faz tudo sozinha em casa, d√° uma for√ßa a√≠ na thread rapaziada :)"
279,t√° foda,@pessigremism,2019-03-31T17:03:24.000Z,"""Sou uma mulher forte, linda, corajosa e perfeita. Nada pode me derrubar!""

Menstrua√ß√£o: a
Eu:"
280,amanda,@amvnds,2019-03-21T14:37:11.000Z,meu deus do c√©u o brasil literalmente √© um dedo no cu e gritaria diferente todo dia
281,juia,@eujujuia,2019-03-21T14:25:00.000Z,
282,ana j√∫lia,@anajutss,2019-03-14T01:27:29.000Z,
283,mariana,@mrnvigano,2019-03-11T16:44:45.000Z,"pq n√£o denuncia??!??! Jornal O Globo
@JornalOGlobo
 ¬∑ 11 de mar de 2019
Mulher √© morta pelo namorado horas ap√≥s registrar ocorr√™ncia contra ele, no Paran√°. https://glo.bo/2tXT4c8"
284,gabizinha,@gabturquetti,2019-03-14T10:42:48.000Z,√© inacredit√°vel quando vc perde uma manh√£ de trabalho pq o carregador veicular NAO FUNCIONA VAI TOMA NO CUUUU
285,nicolau who,@nicolauflamel,2019-03-11T21:49:07.000Z,"mano minha gata derrubou as coisas da minha irm√£ no ch√£o e minha m√£e fez ela catar tudo0:42
1,7 mi visualiza√ß√µes"
286,gabizinha,@gabturquetti,2019-03-05T12:04:02.000Z,"preciso reajustar minha rotina e t√¥ como? isso mesmo, sem coragem"
287,ùîáùîûùî©ùî¶ùî©ùîû ‚ú´,@sextualizada,2019-03-04T14:33:19.000Z,Mas tu vai pra transcender ou pegar um onibus? https://t.co/ryibf7QsXrEste Tweet n√£o est√° dispon√≠vel.
288,precisa da minha via n√£o mo√ßo,@vaimika,2019-03-03T03:23:42.000Z,"Se puder, nunca seja o/a chato/a do rol√™ que no bar fala ""vamo dividir a conta igual gente?""

Pq sempre vai ter alguem mais pobre que voc√™ que fez as contas certinhas do que consumiu e deixou de comer as por√ß√µes da mesa mesmo com vontade pra n√£o entrar na divis√£o"
289,ohana,@privetohan,2019-02-24T09:29:40.000Z,Gourmetizaram o chifre!!! Chique demais kkkkkkkkkkk mas n√£o quero um n√£o obg
290,gabizinha,@gabturquetti,2019-02-24T01:59:16.000Z,"tudo bem n√©, no doutorado tentamos de novo"
291,gabizinha,@gabturquetti,2019-02-24T01:59:06.000Z,"tudo oq queria era S√ì fazer mestrado, mas a vida tem me dado muita rasteira pra permitir isso"
292,KAELL DO INSTITUTO MR,@kaelltx,2019-02-22T04:16:45.000Z,"Vamos pensar em gastar menos do que ganha:

Sal√°rio m√≠nimo - R$998
Aluguel - R$450
Luz - R$100
√Ågua - R$30
Internet - R$80
Alimenta√ß√£o - R$250
Gastos imprevis√≠veis - R$50

Total - R$960

Isso que desconsiderei gastos essenciais como: estudos e lazer.

E a√≠, como que investe?Fl√°vio Augusto
@GeracaodeValor
 ¬∑ 21 de fev de 2019
A melhor aposentadoria √© vc gastar menos do que ganha e investir seu dinheiro ao longo do tempo. Perceba, eu n√£o falei em vc ganhar mais do que gasta, mas sim, gastar menos do que ganha. Captou?
Mostrar esta sequ√™ncia"
293,kaly uchis da asa norte,@a_forasteira,2019-02-02T13:25:18.000Z,"Gente esse gatinho precisa de um lar! Ja tomou verm√≠fugo e
essa semana vai fazer o exame de felv. Ele √© muito fofinho e carinhoso e merece uma familia pra amar ele <3"
294,gabizinha,@gabturquetti,2019-01-31T02:43:00.000Z,"Corrida da ASICS t√° cara pra xuxu, socorrooooooo"
295,Fabio Chaves ‚ìã,@fabiochaves,2019-01-30T19:00:50.000Z,"Emirates serviu 20 mil refei√ß√µes veganas em janeiro, um aumento de 40% na demanda a bordo https://vista-se.com.br/emirates-serviu-20-mil-refeicoes-veganas-em-janeiro-um-aumento-de-40-na-demanda-a-bordo/‚Ä¶ via vista_seEmirates serviu 20 mil refei√ß√µes veganas em janeiro, um aumento de 40% na demanda a bordo
A companhia a√©rea Emirates, uma das maiores do mundo, anunciou nessa ter√ßa-feira (29) que viu um aumento de 40% na demanda por refei√ß√µes veganas durante o m√™s de janeiro.Segundo a empresa
vista-se.com.br"
296,gabizinha,@gabturquetti,2019-01-29T04:55:31.000Z,Senhor me ajude
297,gabizinha,@gabturquetti,2019-01-29T04:55:11.000Z,essa viagem pra pedercity t√° exigindo um psicol√≥gico que eu n√£o estava preparadaGIF
298,lucas freitas,@luquinha,2019-01-20T21:57:38.000Z,
299,G1 DF,@g1df,2019-01-21T12:20:21.000Z,"Passe Livre: alunos do DF ter√£o de comprovar necessidade para manter benef√≠cio, diz IbaneisPasse Livre: alunos do DF ter√£o de comprovar necessidade para manter benef√≠cio, diz Ibaneis
'Fico imaginando um filho meu, com a condi√ß√£o que eu tenho, recebendo um passe livre', disse governador ao G1. Hoje, cerca de 195 mil estudantes da capital s√£o beneficiados.
g1.globo.com"
300,Iira,@Iiracae,2019-01-15T14:38:24.000Z,1 like e vou contar pra voc√™s como √© ser motorista da Uber
301,gabizinha,@gabturquetti,2019-01-08T18:08:32.000Z,Isso n√£o entra na minha cabe√ßa por simplesmente nem cogitar agir dessa forma 
302,gabizinha,@gabturquetti,2019-01-08T18:03:42.000Z,me corta o cora√ß√£o vendo gente colocando seus bixinhos pra ado√ß√£o pq  t√° se mudando pra um lugar menor ou porque n√£o tem como manter os gastos 
303,L√≠gia,@LiliSousss,2018-12-02T23:00:43.000Z,"N√£o compre
ADOTE"
304,AUDL,@theAUDL,2019-01-04T20:43:03.000Z,"It's cold out there.
Don't get frozen "
305,gabizinha,@gabturquetti,2018-12-17T17:04:45.000Z,Quando eu vejo o pre√ßo de ipva e seguro que vamos ter que pagar ano que vem:GIF
306,AUDL,@theAUDL,2018-12-16T18:30:00.000Z, Pick 6! GIF
307,jesca,@jessicambrosio,2018-12-16T13:41:03.000Z,claramente eu com a galera que estudei
308,Declara√ß√µes UnB,@declaracoesunb,2018-12-12T23:31:26.000Z," tweet da gratid√£o 
At√© ano que vem e esperamos que voc√™ venda o triplo desse ano"
309,gabizinha,@gabturquetti,2018-12-14T11:45:31.000Z,eu n√£o acredito que o welitom teve a ousadia de marcar uma prova que ele avisou que iria ter as 23h de ontem
310,gabizinha,@gabturquetti,2018-12-13T19:23:18.000Z,isso s√≥ me tira o √¢nimo de fazer meu doutorado na *u*s*p*
311,gabizinha,@gabturquetti,2018-12-13T19:21:44.000Z,"Fico indignaste que meu artigo  tem 6 co-autores e s√≥ um deles contribui com as corre√ß√µes, √© de cair o cu da bunda mesmo viu"
312,#EuAvisei - Lula Presidente 2022,@carlatoscan,2018-12-13T16:29:08.000Z,"Em resposta a 
@NaoInviabilize"
313,gabizinha,@gabturquetti,2018-12-12T11:05:09.000Z,ODEIO O APLICATIVO DA UBERRRR
314,ùï∑ùñäùñéùñôùñä ùïªùñÜùñôùñäùñóùñìùñî,@nidingrr,2018-12-10T23:18:37.000Z,SOFT VEGAN (vegano por√©m como carne normalmente)
315,Seje discreta,@sejediscreta,2018-12-06T21:09:47.000Z,J√° me preparando para o show do Los Hermanos
316,luscas,@luscas,2018-12-02T17:06:57.000Z,
317,UnB,@unb_oficial,2018-11-27T11:01:27.000Z,Jogo limpo √© o que vale: time Strix de ultimate frisbee da UnB √© premiado por fair play em campeonato nacional. https://bit.ly/2FGpII8.
318,gabizinha,@gabturquetti,2018-11-27T14:00:58.000Z,"AAAAA TAMO NO TWITTER <3UnB
@unb_oficial
 ¬∑ 27 de nov de 2018
Jogo limpo √© o que vale: time Strix de ultimate frisbee da UnB √© premiado por fair play em campeonato nacional. https://bit.ly/2FGpII8."
319,gabizinha,@gabturquetti,2018-11-25T13:08:18.000Z,a√≠ meu p√©zim
320,Bic M√ºller,@bicmuller,2018-11-20T15:29:48.000Z,"Eu fico pistola√ßa quando aparece gente dizendo ‚Äúas mulheres feministas tem que ser mais did√°ticas, abrir di√°logo, essas coisas s√≥ afastam‚Äù 
Sim, pq diante de ataques constantes, mulheres √© que tem que ter a do√ßura e a paci√™ncia de explicar todo dia o √≥bvio pra esses arrombados"
321,Fabio Chaves ‚ìã,@fabiochaves,2018-11-21T10:19:09.000Z,Folha de S. Paulo destaca benef√≠cios ao meio ambiente da alimenta√ß√£o adotada pelos veganos https://vista-se.com.br/folha-de-s-paulo-destaca-beneficios-ao-meio-ambiente-da-alimentacao-adotada-pelos-veganos/‚Ä¶ via vista_se
322,gabizinha,@gabturquetti,2018-11-19T20:32:44.000Z,e segue mais um dia com a Gabriela colocando gelo nas canelas
323,gabizinha,@gabturquetti,2018-11-19T16:16:33.000Z,jogar na PD √© um mix de: qq t√° acontecendo e ave maria kkkkkkk
324,gabizinha,@gabturquetti,2018-11-17T00:18:59.000Z,Uma coisa sobre o parque aguas claras a noite: SINISTRO
325,Catraca Livre,@catracalivre,2018-11-05T23:50:00.000Z,"Segundo a organiza√ß√£o, a ind√∫stria pecu√°ria ‚Äúnos trouxe √† beira da cat√°strofe‚Äù.ONU afirma que consumo de carne est√° destruindo o planeta
O Programa das Na√ß√µes Unidas para o Meio Ambiente (PNUMA) denominou os CEOs das empresas veganas, Beyond Meat e Impossible Foods, como os principais
catracalivre.com.br"
326,AUDL,@theAUDL,2018-11-12T18:05:28.000Z,"Keep it alive
#AUDL"
327,gabizinha,@gabturquetti,2018-11-12T00:32:39.000Z,hoje o dia valeu a pena do quanto rendi no mestrado
328,maumau,@MaurilioBarbosa,2018-11-09T22:47:55.000Z,"Quantos anos voc√™s tinham quando descobriram que essa alavanca atr√°s do volante serve para indicar para outros motoristas, qual dire√ß√£o voc√™ pretende tomar?"
329,gabizinha,@gabturquetti,2018-11-11T01:34:42.000Z,amanha volto a correr real oficial ihaa
330,Andr√© Fantin,@andrefantin,2018-10-29T08:47:18.000Z,O Brasil teve 37 presidentes. No 38¬∫ deu uma fraquejada e veio o Bolsonaro. #PrayForBrazil
331,brino,@Brunozor,2018-10-28T22:23:23.000Z,parece que t√¥ vivendo um epis√≥dio de black mirror
332,nath araujo,@nanaths,2018-10-07T23:02:03.000Z,
333,gabizinha,@gabturquetti,2018-10-17T18:15:32.000Z,"√¥ esporte lindo da mamainNowThis
@nowthisnews
 ¬∑ 15 de out de 2018
Ultimate frisbee is the next major mainstream sport"
334,Marina Viabone,@marinaviabone,2018-10-16T16:13:41.000Z,
335,gabizinha,@gabturquetti,2018-10-17T18:11:52.000Z,t√¥ ansiosa pra xuxu pra esse campeonatooo
336,Fabio Chaves ‚ìã,@fabiochaves,2018-10-15T14:16:22.000Z,"Da Su√≠√ßa, brasileira ensina uma receita vegana de batata rosti, tamb√©m conhecida como batata su√≠√ßa https://vista-se.com.br/da-suica-brasileira-ensina-uma-receita-vegana-de-batata-rosti-tambem-conhecida-como-batata-suica/‚Ä¶ via vista_seDa Su√≠√ßa, brasileira ensina uma receita vegana de batata rosti, tamb√©m conhecida como batata su√≠√ßa
A youtuber brasileira Vanessa Machado, do canal Cozinha Alternativa (conhe√ßa aqui), publicou recentemente uma receita de batata rosti, tamb√©m conhecida como batata su√≠√ßa.O interessante √©
vista-se.com.br"
337,Radical Livre,@RLivre,2018-10-14T12:34:47.000Z,"Please come to BrazilBBC News Brasil
@bbcbrasil
 ¬∑ 14 de out de 2018
O casal de ca√ßadores de nazistas condecorado pelo governo da Fran√ßa https://bbc.in/2yFZmyT"
338,Lucas de Rosa,@Lucas_Vagaz,2018-10-10T11:58:00.000Z,"NASA 

FICA
NA
SUAA m√≠dia a seguir inclui conte√∫do possivelmente sens√≠vel. Alterar configura√ß√µes
Ver"
339,draglicious.com.br,@dragliciouz,2018-10-08T14:15:06.000Z,Cirigaitas #Agora√âHaddad
340,larissa,@mslaryhill,2018-10-07T21:03:37.000Z,eu espero que esteja em todos os livros de hist√≥ria poss√≠veis que a igreja brasileira ajudou facistas a tomarem o poder
341,the return of Shawlin matador de porco,@Zabelona,2018-10-07T22:26:43.000Z,
342,Irena Freitas,@irenafreitas,2018-10-07T22:25:14.000Z,GIF
343,gabizinha,@gabturquetti,2018-09-26T12:51:01.000Z,Toda vez que eu entrego uma vers√£o do artigo pro marco corrigir eu s√≥ falto infartar de nervoso
344,the oncoming storm,@MPE001,2018-09-23T15:19:11.000Z,
345,n√°dia jur√≠dico da lorde,@nadiaboff,2018-09-25T02:30:31.000Z,HeleN√£o - My Chemical Romance.mp3
346,nathan,@mathsnthnl,2018-09-23T23:53:48.000Z,"""Eu n√£o vejo motivos pra voc√™s chegarem atrasados. Se usam √¥nibus √© s√≥ sair mais cedo, simples."""
347,bot pra dizer se consegui agendar vacina no recife,,2018-09-24T20:10:16.000Z,"gente a minha irm√£ estudando pra fazer a prova de uma ETE e colocou isso na porta do quarto KKKKKKKKKKKKKKK 

√© o amor da minha vida 

(ela tem 13 anos)"
348,ana j√∫lia,@anajutss,2018-09-20T22:12:15.000Z,"""rol√™ na Ceil√¢ndia? longe demais de onde eu moro! pq vc n√£o vem pro plano?"""
349,Viktor Judah,@viktorjudah,2018-09-19T00:10:13.000Z,"‚ÄúComer no Coco Bambu n√£o √© t√£o caro assim quanto a galera pensa, as pessoas falam sem saber‚Äù"
350,gabizinha,@gabturquetti,2018-09-20T10:28:02.000Z,Fui tomar caf√© da manh√£ e percebi que o x√™ro tinha feito uma torta de banana pra mimGIF
351,O Brasil Que Deu Certo,@OBQDC,2018-09-20T00:22:00.000Z,
352,gabizinha,@gabturquetti,2018-09-13T17:47:52.000Z,"Gente do c√©u, e eu que fui limpar meu √≥culos e ele quebrou no meio?GIF"
353,Luiz Guilherme Prado,@luizguiprado,2018-09-12T21:13:18.000Z,"S√≥ hoje:

- Um cara matou com um tiro o pr√≥prio filho beb√™ na frente da m√£e pq ela n√£o quis transar
- Um cara desmaiou uma mina com um soco pq ela n√£o quis ficar com ele
- O pai que q estuprou a filha dos 7 aos 18 e ela engravidou

Quem diz q mulher √© exagerada n√£o aguenta 10 min"
354,gabizinha,@gabturquetti,2018-09-13T12:54:45.000Z,"Precisei bloquear minha pr√≥pria m√£e no facebook pq todo dia √© uma postagem pr√≥-Bolsonaro diferente, assim num d√°"
355,VXNX,@vxnxms,2018-09-11T04:22:36.000Z,estudar da dinheiro assim nao isso ai eh trafico https://twitter.com/naosejatrouxa/status/1039182579101061121‚Ä¶Este Tweet n√£o est√° dispon√≠vel.
356,gabizinha,@gabturquetti,2018-09-11T17:06:52.000Z,@ohanaberger KKKK
357,gabizinha,@gabturquetti,2018-09-11T17:03:12.000Z,"OI FUTURO ORIENTADOR DO DOUTORADO, VOC√ä PODERIA FAZER UMA GENTILEZA DE ME RESPONDER LOGO?

ATT,

ANSIEDADE"
358,cris,@crismnzs,2018-09-10T18:07:34.000Z,"eu quero um dia ter a auto estima e confian√ßa do homem que se sente confort√°vel pra opinar sobre biologia femininaA m√≠dia a seguir inclui conte√∫do possivelmente sens√≠vel. Alterar configura√ß√µes
Ver"
359,gabizinha,@gabturquetti,2018-09-11T15:12:14.000Z,to muito feliz que eu to lendo outras coisas que n√£o sejam artigos ou livros sobre rios! <3
360,nath araujo,@nanaths,2018-09-11T02:44:22.000Z,e vcs q falam q gato n√£o liga pro dono s√£o uns chato por isso q o gato n gosta de vcs
361,na√≠,@anaicorrea,2018-09-10T20:48:11.000Z,"ah gurizada vamo respeita o coleguinha ansioso e n√£o meter essa de ‚ÄúAMANH√É VAMOS CONVERSAR‚Äù

enfia a conversa no cu meu chapa

respeita minha hist√≥ria"
362,cachorro aifolou,@luisabye,2018-09-05T18:50:53.000Z,acabei de descobri q os jogos antigos do cartoon ainda estao no ar eu so a mulher mais feliz do hemisferio sul
363,vc ainda √© surtada?,@tiagros,2018-09-03T16:10:27.000Z,eae man aqui eh a sonica
364,gabizinha,@gabturquetti,2018-09-04T13:10:14.000Z,Esse vai ser o m√™s mais p√£o duro da minha vida
365,aline valek,@alinevalek,2018-08-31T17:26:16.000Z,"Adorei essa marca de areia que traz na embalagem instru√ß√µes pro seu gato limpar a pr√≥pria caixa

Acabei de avisar aqui em casa que eles n√£o t√™m mais desculpa pra esperar eu limpar"
366,gabizinha,@gabturquetti,2018-08-31T10:29:15.000Z,vamoooooo les√£ooooo fica bem logoooooo
367,macedonna,@macedonna_,2018-08-21T12:14:49.000Z,a linha t√™nue entre z√© gotinha e klu klux klan √© definida pelo or√ßamento da fantasia
368,gabizinha,@gabturquetti,2018-08-21T19:12:33.000Z,O al√≠vio de agradar o orientador nao tem igual
369,camz,@oieusoucamila,2018-08-20T13:22:52.000Z,
370,"solteiro sim, sozinho sempre",@borntidar,2018-08-19T15:39:57.000Z,meus dois √∫ltimos neur√¥nios brigando pra decidir se vou economizar dinheiro ou gastar com lanches
371,Higor,@higorpaiva_,2018-08-18T16:58:00.000Z,Gente essa menininha √© um √≠cone https://twitter.com/daftponc/status/1029157232360009728/video/1‚Ä¶
372,va,@mandellivaleria,2018-08-17T16:17:59.000Z,acho que nenhuma imagem na internet me define tanto quanto esse print aqui
373,gabizinha,@gabturquetti,2018-08-15T09:58:15.000Z,Nada foi pior do que ver o Du bixinho chegar do trabalho depr√™ real oficial
374,ùñíùñÜùñóùñéùñî,@mario_xcx,2018-08-13T04:54:04.000Z,"me in my room after isolating myself from everyoneA m√≠dia a seguir inclui conte√∫do possivelmente sens√≠vel. Alterar configura√ß√µes
Ver"
375,,@drjvemyheart,2018-08-13T15:07:48.000Z,"o cachorro de vcs √© macho, f√™mea ou morango?"
376,luana,@luhele,2018-08-12T20:41:37.000Z,"‚Äúque voc√™ tenha toda a confian√ßa de um homem branco incrivelmente mediano‚ÄùA m√≠dia a seguir inclui conte√∫do possivelmente sens√≠vel. Alterar configura√ß√µes
Ver"
377,marikinha,@nitrios_leh,2018-08-13T21:36:59.000Z,"primeiro dia de aula da Facul e eu j√° faltei por n√£o ter verba pra chegar l√° e o passe livre n√£o ter chegado...

olha a√≠ as vantagens do cotista q tomou o lugar do branco do cursinho particular"
378,gabizinha,@gabturquetti,2018-08-13T23:17:16.000Z,USP √© nois feshow
379,gabizinha,@gabturquetti,2018-08-13T23:17:07.000Z,Acho que decidi oq fazer da minha vida
380,nandoh,@nandoh,2018-08-12T17:46:48.000Z,domingo nois t√° como
381,feminhao √© 100% TIME BRASIL,@feminhao,2018-08-07T02:07:44.000Z,"GENTE ENCONTREI ESSE GATINHO NA RUA, MAS N√ÉO POSSO FICAR COM ELE. ELE √â BEM CARINHOSO, ESTA RONRONANDO DESDE QUE CHEGOU AQUI. 
SOU DE BRAS√çLIA. SE SOUBEREM DE ALGUEM QUE POSSA FICAR COM ELE PE√áAM PRA ENTRAR EM CONTATO. 61 983501809"
382,"solteiro sim, sozinho sempre",@borntidar,2018-08-07T12:43:18.000Z,eu s√≥ t√¥ a Valentina hj
383,gabizinha,@gabturquetti,2018-08-06T14:28:01.000Z,"Menino Du quer me ver morta, n√£o √© poss√≠vel"
384,gabizinha,@gabturquetti,2018-08-06T14:27:35.000Z,Ontem entrei no carro e tava um cheiro insuport√°vel e fiquei procurando onde tava a comida podre no carro e quando fui ver: era a chuteira do Du. PODRE.
385,monjinho‚Ñ¢,@MongeHan,2018-08-05T02:03:57.000Z,"No censo dos pais que abandonam os filhos n√£o contam os que t√£o l√° fisicamente mas que abandonaram emocionalmente desde sempre, ou os que no m√°ximo pagam a pens√£o ainda reclamando. Imagina os n√∫meros se contassem com esses caras a√≠, sobrava 3 pai no BR"
386,,@robinrebeI,2018-08-05T03:04:46.000Z,"GENTE
ISSO 
N√ÉO
√â 
NORMAL"
387,gabizinha,@gabturquetti,2018-08-06T09:20:05.000Z,"QUERO DORMIR, DESGRAAAAAAA√áA"
388,gabizinha,@gabturquetti,2018-08-06T09:19:54.000Z,AI QUE PREGUI√áA DE TOMAR VERGONHA NA CARA E IR MALHAR
389,Caroline,@carolineafonso_,2018-08-03T01:25:32.000Z,"oi gnt, esse cachorro mora no posto perto da minha casa, na madrugada de ontem um homem foi abastecer e atirou nele s√≥ pq latiu. Levamos pro veterin√°rio e ele precisa fazer uma cirurgia que ficou em 2,900. Pe√ßo a ajuda de voc√™s com qualquer quantia! RT PRA AJUDAR POR FAVOR!"
390,exaustinha da estrela,@paulanapoliao,2018-08-01T01:22:45.000Z,"eu odeio que absolutamente tudo em pesquisa acad√™mica tu tem que justificar. eu escolhi esse tema porque eu QUIS, anjo. √© relevante porque eu GOSTO. a metodologia foi a que DEU pra fazer."
391,AUDL,@theAUDL,2018-08-01T15:51:27.000Z,"DISC GIVEAWAY!!

RT for a chance to win a FREE 2018 #AUDL Champ Weekend disc"
392,Ser de luz,@Sou_Simpatico,2018-08-01T15:23:31.000Z,"N√£o esque√ßa o lanche do meio da manh√£.
N√£o esque√ßa o lanche do meio da manh√£.
N√£o esque√ßa o lanche do meio da manh√£.
N√£o esque√ßa o lanche do meio da manh√£.
N√£o esque√ßa o lanche do meio da manh√£.
N√£o esque√ßa o lanche do meio da manh√£.
DISGRA√áAAAAAAAAAAA EU T√î MORRENDO DE FOMEEEE !GIF"
393,celo,@marcelorodjr,2018-07-25T16:45:20.000Z,t√¥ obcecada com o √≠cone da narra√ß√£o Alcione Alves
394,gabizinha,@gabturquetti,2018-07-24T20:10:13.000Z,"Escrever artigo √© um negocio mt doido msm, essa porra sa√≠ mas num sai"
395,gabizinha,@gabturquetti,2018-07-23T01:36:50.000Z,"e nem √© materia msm, √© s√≥ aquela materiazinha fantasma pra vc ter seus direitos de estudante"
396,gabizinha,@gabturquetti,2018-07-23T01:32:38.000Z,"Muito feliz pois amanh√£ estarei matriculada na minha ultima mat√©ria do mestrado amigos, to mt feliz"
397,gabizinha,@gabturquetti,2018-07-20T13:06:52.000Z,pode pedir arrego?
398,gabizinha,@gabturquetti,2018-07-20T13:06:45.000Z,"t√¥ cansada, saturada, num aguento +"
399,Yuri,@yuribt,2018-07-18T23:23:37.000Z,Acho que o estoquista do mercado √© o menor culpado disso ter acontecido.
400,gabizinha,@gabturquetti,2018-07-19T12:08:13.000Z,Acordar com essa cena n tem pre√ßo
401,gabizinha,@gabturquetti,2018-07-17T03:28:31.000Z,Chateada pois tirei meu piercing mas ao mesmo tempo aliviada pois n aguentava mais o desconforto
402,gabizinha,@gabturquetti,2018-07-16T19:32:58.000Z,Estipulei que a minha meta at√© dezembro √© conseguir correr meia maratona pra ver se tenho chances contra a altitude em Bogot√°
403,Cthulhu de Brinquedo,@priscilavanti,2018-02-03T13:46:25.000Z,Vamos falar de ‚Äúaux√≠lios‚Äù x estudo? As pessoas acham justo 4k de aux√≠lio-moradia pra um juiz - ainda que ele tenha casa pr√≥pria - pq ‚Äúele estudou‚Äù. Um juiz precisa fazer uma gradua√ß√£o e decorar coisas pra passar no concurso.
404,gabizinha,@gabturquetti,2018-07-13T13:48:22.000Z,Perguntas aleat√≥rias: onde acho bucha vegetal pra vender aqui no df gente?
405,jun,@uborajun,2018-07-12T01:38:21.000Z,"sempre me deu raiva assistir aqueles programas de audit√≥rio em que levam uma mulher pra dar um trato na apar√™ncia

c√™ ouve o marido dando depoimento ""ela se largou... quando conheci ela n√£o era assim... n√£o se cuida, n√£o tem mais vaidade""

a√≠ olha pro cara e ele t√° uma cangalha"
406,gabizinha,@gabturquetti,2018-07-10T17:24:17.000Z,"Muito feliz que euzinha consegui chegar no hor√°rio pra minha aula, ir na academia e estar pontualmente as 14h na unb de novo"
407,e dae beel,@sosparanoia,2018-07-09T02:13:14.000Z,eu acumulando todos os meus problemas e inseguran√ßasGIF
408,coronajac,@alonatalia,2018-07-09T19:14:14.000Z,"se tu termina de lavar a lou√ßa mas n√£o limpa e seca a pia nem deixa a esponja limpa ou tira os restos que ficaram no ralo tu √© um psicopata do caralho que precisa se reeducar pra viver em sociedade

thanks for coming to my ted talk"
409,iris√£o da massa (de ) ‚ì•,@Irisaumdamassa,2018-07-02T23:03:10.000Z,"o v√≠deo mais real
que vc vai ver hj
.
deus aben√ßoa"
410,gabizinha,@gabturquetti,2018-07-03T02:15:05.000Z,resolvi organizar o computador e format√°-lo s√≥ pra fugir das minhas obriga√ß√µes e devo dizer que estou passando raivaaaa
411,gabizinha,@gabturquetti,2018-07-02T21:43:14.000Z,E quando voce pega uma condensada e a professora inventa de dar aula no sabado hein??????????
412,,@jasmaniandevl,2018-06-28T20:53:05.000Z,
413,gabizinha,@gabturquetti,2018-06-28T14:43:01.000Z,"que historia √© essa que o ru agora vai ser R$ 5,20? Nunca mais vou comer direito"
414,luscas,@luscas,2018-06-27T15:53:06.000Z,alemanha eliminadissima da copa
415,gabizinha,@gabturquetti,2018-06-27T12:37:12.000Z,"Dia de jogo √© isso mesmo, fui a primeira a chegar no servi√ßo e s√£o 09h30!!!!!!!!!!!!!"
416,gabizinha,@gabturquetti,2018-06-26T01:50:20.000Z,"as fotos da ta√ßa t√£o √≥timas, exceto que: mal tem foto de nois"
417,real bad bitch,@becksideflip,2018-06-25T12:46:50.000Z,use camisinha s√≥ pra nao ter uma filha ignorante que nem a barbara https://twitter.com/barbara_9295/status/1010240158904537089‚Ä¶Este Tweet n√£o est√° dispon√≠vel.
418,Caio Corraini,@CaioCorraini,2018-06-20T16:40:00.000Z,"descobri que tem girafas que usam a pr√≥pria bunda como travesseiro e resolvi compartilhar com voc√™s

grato"
419,gabizinha,@gabturquetti,2018-06-21T22:11:58.000Z,ansisoa estou pois amanha vou na >>>>>>>>decathlon<<<<<<<<<
420,Jon Keegan,@jonkeegan,2018-06-16T20:07:27.000Z,Let‚Äôs all take a moment to appreciate blank VHS cassette packaging design trends. 
421,gabizinha,@gabturquetti,2018-06-14T17:18:59.000Z,Minha vida inteirinha num tweet
422,gabizinha,@gabturquetti,2018-06-13T23:03:50.000Z,"nada √© mais gratificante do que ter a sua pesquisa reconhecida, t√¥ muito feliz"
423,gabizinha,@gabturquetti,2018-06-13T12:18:59.000Z,"Pior √© saber que essa reclama√ß√£o vem de um edif√≠cio pertinho l√° de casa. As sirenes realmente incomodam um pouco mas n√£o √© algo que voc√™ deve se importar por motivos obvios n√£o √© mesmoladeira
@lucasladeiradf
 ¬∑ 12 de jun de 2018
essa cidade tem que acabar"
424,·¥¨‚Åø·µà ≥·µâ·∂ª·∂¶‚Åø ·µíÀ°·∂¶ÃÅ·µê·µñ·∂¶·∂ú·µí,@Dre_Vins,2018-06-05T21:46:57.000Z,"Quanto custa o outfit?

Manopla do infinito - presente
Joia do espa√ßo - R$ um loki
Joia do tempo - presente
Joia da alma - R$ uma gamora
Joia da mente - R$ um vis√£o
Joia do poder - presente
Joia da realidade - presente
Armadura - 30 mil dol
Metade do universo - um estalar de dedo"
425,gabizinha,@gabturquetti,2018-06-05T13:20:15.000Z,A Bolacha dormiu assim gente kkkk com as patinhas esticadas
426,gabizinha,@gabturquetti,2018-06-05T13:19:41.000Z,Cheguei duas horas atrasada no trabalho pelo simples motivo de n√£o ter coragem de acordar os nene
427,gabizinha,@gabturquetti,2018-06-05T13:19:13.000Z,Hoje eu acordei assim: com os dois nenecos em cima de mim
428,gabizinha,@gabturquetti,2018-06-04T15:59:06.000Z,"Gente, como assim meu corpinho prega essa pe√ßa comigo, ficando adoecido 5 dias antes do campeonato? pode isso?"
429,L,@ultrxviolencz,2018-06-02T18:19:27.000Z,"‚Äúseu peito ta marcando‚Äù
nossa q CRIME
agora a popula√ß√£o toda vai saber que eu tenho essa coisa proibida 
chamada
MAMILO 
o que que eu fa√ßo ser√° que devo fugir da cidade e mudar de nome"
430,gabizinha,@gabturquetti,2018-06-04T13:16:36.000Z,Quero largar tudo e ir pra casa abra√ßar meus gatos :(
431,gabizinha,@gabturquetti,2018-06-04T13:16:21.000Z,Todo o dia √© um 7x1 diferente aqui no trabalho
432,Ser de luz,@Sou_Simpatico,2018-06-04T13:03:28.000Z,"Me tornei o que eu mais odiava. N√£o s√≥ uma pessoa que tem uma chuteira mas aquela que ainda tira foto das travas posta no grupo e pede a opini√£o sobre qual √© a melhor.
Meu eu do ano passado deve estar muito decepcionado comigo."
433,AUDL,@theAUDL,2018-06-01T03:34:54.000Z,‚ÄúDID YOU NOT SEE THE DUMP??!?‚Äù
434,Neli Zanc GIBI NO FIXADO,@zancneli,2018-05-30T01:57:18.000Z,"- Quanto custou seu outfit?
- O bon√© da foi 250, o moletom da Supreme foi 3 mil e eu n√£o t√¥ usando cal√ßa."
435,guigueiras,@_mayngr,2018-05-30T14:01:29.000Z,"homens tentando saber se vc namora √© engra√ßado n√© kkkkkkkk
eles n√£o sabem falar tipo VC NAMORA?

eles falam tipo assim
-oi vc quer √°gua?
- aham quero
-mAs Seu nAmoRado NaO vaI achar RuIm NaO"
436,gabizinha,@gabturquetti,2018-05-29T15:37:04.000Z,Como voc√™ fica quando o an√∫ncio do pc que voc√™ queria comprar √© pausado:GIF
437,portal samantha schm√ºtz,@2uc4smelo,2018-05-23T22:51:55.000Z,rapazzz agora que eu vi que os verdadeiros donos deste pa√≠s s√£o os caminh√£o amei #GreveDosCaminhoneiros
438,rafael,@operattack,2018-05-23T20:38:15.000Z,"- d√≥lar l√° em cima
- combust√≠vel a pre√ßo absurdo
- greve dos caminhoneiros
- aeroportos parando
- correios sem sedex
- supermercados sem produtosGIF"
439,gabizinha,@gabturquetti,2018-05-24T02:58:45.000Z,"Entreguei o projeto final faltando 2 minutos para fechar o Moodle, se n√£o for pra ser assim, nem fa√ßo"
440,Foco de Luz,@focodeluz_,2018-05-23T12:36:10.000Z,"N√£o se compare com ningu√©m.

O seu caminho √© √∫nico e voc√™ tem o que necessita para percorr√™-lo. Voc√™ veio com o corpo certo, na fam√≠lia certa e nas condi√ß√µes exatas para cumprir sua miss√£o."
441,cachorro aifolou,@luisabye,2018-05-22T17:22:32.000Z,"VOCE SABIA 

a musica R U Mine da aclamada banda brit√¢nica arctic monkeys tem esse nome em homenagem ao RU restaurante universitario da unb"
442,gabizinha,@gabturquetti,2018-05-22T14:27:14.000Z,"acho que no meu curr√≠culo coloquei que eu sou topografa, pois nenhum dado geof√≠sico passa pelas minhas m√£os nessa empresa"
443,gabizinha,@gabturquetti,2018-05-22T14:26:49.000Z,"Quando eu acho que acaba as demandas da topografia aqui no trabalho, meu chefe me manda mais 700 coisas da topo pra fazer"
444,gabizinha,@gabturquetti,2018-05-22T03:02:34.000Z,Vontade de sumir
445,let,@letlopex,2018-05-18T02:06:30.000Z,"mas cultura do estupro √© lenda urbana e conto de feminazi, n√©?!"
446,gabizinha,@gabturquetti,2018-05-21T12:21:08.000Z,N√£o tem nada que eu ame mais que fazer imagens do meu trabalhinho
447,gato miu,@wtfmiu,2018-05-20T14:27:08.000Z,cheguei em hogwmiaurts
448,gabizinha,@gabturquetti,2018-05-20T00:24:17.000Z,"Inclusive, cogitando muito comprar uma"
449,gabizinha,@gabturquetti,2018-05-20T00:21:27.000Z,"""nossa eu to muito fodida preciso terminar logo meu projeto"" 5 minutos depois ""nossa, deixa eu ver aqui quais os beneficios das cal√ßas de compress√£o pro frisbee"""
450,gabizinha,@gabturquetti,2018-05-17T15:42:33.000Z,e o melhor investimento do m√™s foi: airfryer e cuscuzeira
451,gabizinha,@gabturquetti,2018-05-17T01:25:13.000Z,num volto mais desse jeito
452,gabizinha,@gabturquetti,2018-05-17T01:24:49.000Z,"fui inventar de comer coisas com trigo e leite e c√° estou, passando mal"
453,gabizinha,@gabturquetti,2018-05-16T14:01:22.000Z,hj √© um dia daqueles: queria fazer nada
454,conversasTop,@conversasTop,2018-05-14T17:42:22.000Z,"-caralho mano
-q foi
-hj o treino foi pesado
-uai ta jogando bola? 
-nao cara o treino
-q treino man
-supino pah to mo√≠do
-ce tava na academia?
-treino cara
-Q TREINO  CARALHO
-de hj ta pago kk
-vc so ta indo na academia
-treino
-para de falar treino
-leg day treino
-..
-—Ç‡´®Œµ‡πÄ…≥œÉ"
455,gabizinha,@gabturquetti,2018-05-17T01:24:49.000Z,"fui inventar de comer coisas com trigo e leite e c√° estou, passando mal"
456,gabizinha,@gabturquetti,2018-05-16T14:01:22.000Z,hj √© um dia daqueles: queria fazer nada
457,conversasTop,@conversasTop,2018-05-14T17:42:22.000Z,"-caralho mano
-q foi
-hj o treino foi pesado
-uai ta jogando bola? 
-nao cara o treino
-q treino man
-supino pah to mo√≠do
-ce tava na academia?
-treino cara
-Q TREINO  CARALHO
-de hj ta pago kk
-vc so ta indo na academia
-treino
-para de falar treino
-leg day treino
-..
-—Ç‡´®Œµ‡πÄ…≥œÉ"
458,cami,@tsucami,2018-05-14T14:51:25.000Z,"o ‚Äúnao‚Äù voce ja tem

agora so falta vc correr atras da desfeita & humilhacao"
459,gabizinha,@gabturquetti,2018-05-14T19:50:07.000Z,obrigada marco <3
460,gabizinha,@gabturquetti,2018-05-14T19:49:55.000Z,"eu chego uma pilha, uma bomba prestes a explodir e ele me tranquiliza"
461,gabizinha,@gabturquetti,2018-05-14T19:47:06.000Z,"meu orientador √© uma ben√ß√£o, tenho dito"
462,gabizinha,@gabturquetti,2018-05-14T16:15:05.000Z,"amo minha m√£e, mas s√≥ ela tem a capacidade de me tirar tanto do s√©rio"
463,gabizinha,@gabturquetti,2018-05-12T22:06:54.000Z,F√© no pai que o projeto sai
464,Mariana Fran√ßa,@mariana,2018-05-10T12:20:34.000Z,Namore algu√©m que te traga solu√ß√µes n√£o problemas
465,gabizinha,@gabturquetti,2018-05-11T16:19:46.000Z,"hoje eu realizei um sonho mt antigo amigos, estou realizadissima"
466,gabizinha,@gabturquetti,2018-05-07T21:58:06.000Z,Cheguei 15h no trabalho mas pelo menos a roupa tava lavada e a casa tava arrumada
467,brino,@Brunozor,2018-05-04T01:00:54.000Z,t√©rminos de namoros saud√°veis
468,gabizinha,@gabturquetti,2018-04-27T16:29:16.000Z,vai se fuder esse pessoal que n√£o faz chuteira feminina
469,gabizinha,@gabturquetti,2018-04-27T16:28:28.000Z,"ai gente, tudo o que eu queria era um chuteira que me segurasse"
470,gabizinha,@gabturquetti,2018-04-26T11:16:33.000Z,Primeiro dia sem gl√∫ten e lactose: ok n√£o morri
471,Gena-mour Barrett,@SmileGena,2018-04-23T17:43:15.000Z,kate middleton after pushing out a whole ass baby vs me after writing the title of an essay
472,gabizinha,@gabturquetti,2018-04-25T17:25:06.000Z,20 dias sem gluten e lactose: t√¥ como? no ch√£o
473,gabizinha,@gabturquetti,2018-04-24T01:57:15.000Z,Lavei 4 sacos enormes de diversos tipos de panos e roupas mijados por nada mais nada menos que Bolacha mijona
474,gabizinha,@gabturquetti,2018-04-24T01:56:46.000Z,Hoje lavei tanta roupa que nem sei
475,gabizinha,@gabturquetti,2018-04-24T01:55:05.000Z,Obrigada frisbee por proporcionar as melhores migas que topam comer coxinha com vc
476,kim,@chorandissima,2018-04-22T04:34:15.000Z,"eu: to morrendo de sono vou dormir

ansiedade: oi vc tem certeza?????"
477,gabizinha,@gabturquetti,2018-04-23T13:34:37.000Z,primeiro dia na academia: ok
478,amiga d'eles,@meninadarazao_,2018-04-22T00:36:02.000Z,"s√≥ eu e uma mulher de passageiras no busu a mulher olha pra mim no grito e fala ""o √¥nibus e s√≥ das muleeeee""

e o trocador foi l√° e gastou errado ""ent√£o vem aqui e dirige""

a mulher tira da capa do celular a cnh D e fala ""beleza para a√≠ que eu levo mais r√°pido""

EU CHOREI DE RIR"
479,gabizinha,@gabturquetti,2018-04-17T00:13:51.000Z,Chocada com os acontecimentos aqui de casa
480,gabizinha,@gabturquetti,2018-04-16T15:30:54.000Z,Hj o trabalho da estagi√°ria aqui foi instalar arcgis em um computador
481,gabizinha,@gabturquetti,2018-04-13T15:37:10.000Z,ansiosa estou para as 14h30
482,gato miu,@wtfmiu,2018-04-13T13:59:08.000Z,"""gato transmite doen√ßas""

 VAILAR LERUNSLIVRO"
483,lua,@lagertharoses,2018-04-11T21:34:50.000Z,e as novas blusinhas da Renner que hino j√° quero todas
484,dona bici,@donabici,2018-04-12T16:21:55.000Z,meninas agora √© a hora da uni√£o: todo mundo fingindo que n√£o viu
485,cint,@cinthonia,2018-04-11T17:06:22.000Z,"‚Äúpara de ser assim, tu vai acabar afastando as pessoas de ti‚Äù:GIF"
486,.,@graficosdePS1,2018-04-03T17:33:00.000Z,"eu me sinto essa imagem quando falam que eu to """"""sumido"""""
487,gabizinha,@gabturquetti,2018-04-04T14:12:42.000Z,Queridos: preciso de sugest√µes de nome pra minha futura gata. Menino Edu n√£o concorda com Frida e quer coloca Pantera 
488,gabizinha,@gabturquetti,2018-04-04T14:09:34.000Z,Indo pro trabalho agora e ansiosa pra comer a dica do faro do dia: brutus
489,gabizinha,@gabturquetti,2018-04-04T14:06:35.000Z,"Desde 5h limpando a casa e sem tomar caf√©, se eu ouvir um pitaco vindo da minha m√£e e meu irm√£o sobre a limpeza da casa, eu viro um arara"
490,gabizinha,@gabturquetti,2018-04-04T08:01:41.000Z,A√≠ senhor.....
491,gabizinha,@gabturquetti,2018-04-04T08:01:31.000Z,E sua m√£e chega hoje no seu apt e vai reclamar at√© as orelhas pq meu apartamento n√£o t√° limpo
492,gabizinha,@gabturquetti,2018-04-04T08:01:08.000Z,Voc√™ acorda e n√£o tem √°gua DISGRA√áAAAAGIF
493,gabizinha,@gabturquetti,2018-04-04T08:00:18.000Z,Vc chega em casa: n√£o tem √°gua e o pessoal da portaria fala que a *caixa d'agua est√° enchendo*
494,Raul Chequer,@raulchequer,2018-04-04T03:15:20.000Z,"Tem que acabar o estere√≥tipo do idoso s√°bio.
Com o tempo d√° pra acumular burrice tamb√©m."
495,gabizinha,@gabturquetti,2018-04-03T14:15:20.000Z,"no job fazendo tr√™s coisas ao mesmo tempo: interpolando mapa, vendo jogo de ultimate e escrevendo meu projeto"
496,gabizinha,@gabturquetti,2018-04-03T14:13:02.000Z,"Ansiosa para meu anivers√°rio e tb pro rol√™zinho de s√°bado pois, muito bom ter migas"
497,gabizinha,@gabturquetti,2018-04-03T14:10:13.000Z,Ansiosa pra pedir demiss√£o no meu job 
498,gabizinha,@gabturquetti,2018-04-03T13:58:24.000Z,Ansiosa para jogar uns disquinhos hoje
499,gabizinha,@gabturquetti,2018-04-01T23:27:01.000Z,Passo o dia inteiro s√≥ sonhando na viagem pra Col√¥mbia
500,gabizinha,@gabturquetti,2018-04-01T21:48:26.000Z,Meu buchinho segue cheio
501,gabizinha,@gabturquetti,2018-04-01T21:48:07.000Z,"Que diazinho TOP obrigada miga 
@amandacmpl"
502,lu iza,@mystcfail,2018-04-01T02:41:45.000Z,"for√ßas icone, vai nascer um pau se botar tenis"
503,amanda,@amandamarqsx,2018-03-31T22:23:53.000Z,Pedi pra minha irm√£ secar minha cal√ßa enquanto eu me arrumava e me deparo com isto
504,amanda,@amandamarqsx,2018-03-31T22:23:53.000Z,Pedi pra minha irm√£ secar minha cal√ßa enquanto eu me arrumava e me deparo com isto
505,gabizinha,@gabturquetti,2018-03-28T01:48:39.000Z,"Hoje t√° #tenso, nem o treino conseguiu diminuir minha raiva"
506,carolien,@craolis,2018-03-26T13:26:38.000Z,"aten√ß√£o mulheres 

quando um homem te interromper ou tentar te explicar algo como se vc fosse burra que nem uma porta

des√ßa a porrada nele antes dele terminar de falar"
507,gabizinha,@gabturquetti,2018-03-27T16:12:48.000Z,E olha que eu uso essa porra h√° 9 anos j√°
508,gabizinha,@gabturquetti,2018-03-27T16:12:33.000Z,"Cada dia que passa eu sei usar menos ainda as tecnologias, j√° to come√ßando a apanhar do meu amigo querido chamado Twitter"
509,Foco de Luz,@focodeluz_,2018-03-26T23:55:34.000Z,"N√£o se cobre tanto. Tudo que voc√™ tem no momento, √© exatamente o que voc√™ necessita. Tudo o que voc√™ consegue ser no momento, √© o seu melhor. 

O Ego exige demais. Aprenda a silenci√°-lo um pouco.
Acolha-se e respeite seu tempo para as coisas na vida."
510,gabizinha,@gabturquetti,2018-03-27T15:17:25.000Z,Tinha mais dinheiro na gradua√ß√£o do que tenho hj 
511,gabizinha,@gabturquetti,2018-03-27T15:16:50.000Z,"Nunca vou entender o pq de cobrarem inscri√ß√£o, anuidade, etc mais caro para quem √© da p√≥s. Eles acham que p√≥s graduando tem dinheiro, √©?"
512,gabizinha,@gabturquetti,2018-03-27T15:11:58.000Z,Detalhe que ficou rodando a noite toda
513,gabizinha,@gabturquetti,2018-03-27T15:11:37.000Z,"E eu achando ruim que tava esperando muito ontem. Coloquei para rodar essa malha as 17h de ontem, fui olhar agora e olha quanto falta"
514,gabizinha,@gabturquetti,2018-03-26T18:50:34.000Z,A gente t√° aqui pensando no que vai fazer quando pedir demiss√£o: j√° t√¥ at√© vendo pre√ßo de chuteira de futsal pra jogar um frisbeezinho no almo√ßo
515,gabizinha,@gabturquetti,2018-03-26T18:17:23.000Z,C√° estou comendo uma barra de chocolate sozinha
516,gabizinha,@gabturquetti,2018-03-26T18:10:14.000Z,s√≥ por isso vou ser cuzona tb
517,gabizinha,@gabturquetti,2018-03-26T18:10:04.000Z,Pessoal da p√≥s √© muito cuz√£oooooo
518,gabizinha,@gabturquetti,2018-03-26T18:09:05.000Z,E o meu projeto de pesquisa t√° aqui............ sem uma linha escrita
519,gabizinha,@gabturquetti,2018-03-26T18:08:37.000Z,what a day
520,gabizinha,@gabturquetti,2018-03-26T18:08:25.000Z,"Hj meu dia no trabalho se resumiu a: apagar arquivos do HD do pc, colocar arquivos no HD externo, colocar os arquivos no HD externo pro pc"
521,lucas paiva,@paiva,2018-03-26T00:38:06.000Z,quando eu t√¥ mal e a pessoa diz ‚Äúfica bem‚ÄùGIF
522,gabizinha,@gabturquetti,2018-03-23T14:06:35.000Z,Joguei frisbee at√© 5 da manh√£ e hj eu t√¥ como mesmo?
523,gabizinha,@gabturquetti,2018-03-22T10:43:33.000Z,
524,gato miu,@wtfmiu,2018-03-17T12:26:23.000Z,"vc n√£o acredito 
vc nem sequer olhou
disse q eu era muito vira-lata pra vc mas
agora q eu cresci vc quer me adotar"
525,...,@UmGean,2018-03-15T20:02:01.000Z,meu meme
526,gabizinha,@gabturquetti,2018-03-16T19:45:43.000Z,SALARIO CAIU GALERA ME CHAMEM PARA LANCHESGIF
527,gabizinha,@gabturquetti,2018-03-15T20:49:46.000Z,"VEJA S√ì, O XEROQUI ROMES FINALMENTE DESCOBRIU NOSSO SEGREDOsam
@samjovana
 ¬∑ 14 de mar de 2018
Menstrua√ß√£o √â Uma Mentira Inventada A S√©culos"
528,gabizinha,@gabturquetti,2018-03-15T12:16:27.000Z,"O dia que eu chego cedo real no trabalho, as outras pessoas n√£o chegam e eu fico sem saber o que fazer pois preciso delas, acho top"
529,Ana Carolina Silva,@a_carolinasilva,2018-03-14T05:08:49.000Z,"Bonito voc√™s enaltecendo o legado do Stephen Hawking enquanto tratam a pesquisa cient√≠fica do Brasil como ""coisa de vagabundo que n√£o trabalha"".

Depois ficam bravos pq fulano ganha bolsa-aux√≠lio e """"""s√≥ estuda"""""". Apoiem a ci√™ncia e a tecnologia, sejam curiosos nessa jo√ßa."
530,gabizinha,@gabturquetti,2018-03-13T13:12:00.000Z,E as pessoas simplesmente s√≥ me atrapalham
531,gabizinha,@gabturquetti,2018-03-13T13:11:31.000Z,Eu preciso encontrar um projeto que ningu√©m sabe pra qual HD foi
532,gabizinha,@gabturquetti,2018-03-13T13:10:52.000Z,√â cada suspiro de decep√ß√£o que eu solto nessa empresa
533,"√© BrEno, t√°?",@__Brenot,2018-03-11T23:14:38.000Z,"orientadora: ""at√© mar√ßo do ano que vem vc defende sua disserta√ß√£o, publica qualis A e faz a prova do doutorado""

eu: ""claro √© isso a√≠""

eu por dentro:GIF"
534,gabizinha,@gabturquetti,2018-03-09T16:24:36.000Z,"E foi o que eu fiz. E quando ele viu oq eu tinha feito, ficou embasbacado pois n√£o precisava de tanta precis√£o"
535,gabizinha,@gabturquetti,2018-03-09T16:23:43.000Z,"Pq ele falou ""voce tem que tirar os dados de forma mais rente poss√≠vel da linha pra n√£o perder tanta informa√ß√£o"""
536,gabizinha,@gabturquetti,2018-03-09T16:23:08.000Z,"O cara me pede pra excluir as linhas pretas da imagem. Ai eu, bin√°ria, dei o maior zoom poss√≠vel e estava eu l√°, apagando pixel por pixel com a borrachinha"
537,gabizinha,@gabturquetti,2018-03-09T16:22:31.000Z,Eu acho muito engra√ßado mesmo que o pessoal aqui da empresa n√£o entende que eu sou bin√°ria
538,gabizinha,@gabturquetti,2018-03-09T14:02:19.000Z,Eu amo o grupo do frisbee do wpp dum tanto que voces nem imaginam
539,gabizinha,@gabturquetti,2018-03-09T12:28:50.000Z,"s√≥ vejo realidadesmaoexe
@maoexe
 ¬∑ 8 de mar de 2018
only packing the essentials"
540,Shailja Patel,@shailjapatel,2018-03-08T12:16:03.000Z,"Read women.
Cite women.
Credit women.

Teach women.
Publish women.
Present women.

Acknowledge women.
Award women.
Amplify women. 

Hire women.
Support women.
Promote women.

Hear women.
Believe women. 
Follow women. 

Pay women. 
Pay women. 
Pay women. 

#IWD2018"
541,gabizinha,@gabturquetti,2018-03-08T14:50:27.000Z,"Gente do c√©u, qual a probabilidade de em menos de 24h, baterem no seu carro duas vezes?"
542,gabizinha,@gabturquetti,2018-03-08T00:34:50.000Z,Muito dif√≠cil esse neg√≥cio de ser adulta viu
543,gabizinha,@gabturquetti,2018-03-08T00:34:36.000Z,Mas segue o bonde
544,gabizinha,@gabturquetti,2018-03-08T00:34:23.000Z,Hoje foi um dia daqueles viu. Nunca imaginei que ia ser engavetada indo pra unb
545,gabizinha,@gabturquetti,2018-03-07T19:42:02.000Z,Est√£o preparados para imagens de dor e sofrimento?
546,gabizinha,@gabturquetti,2018-03-07T01:59:27.000Z,Masterchef voltou amigos 
547,Catland - ado√ß√£o de gatinhos,@catlandrescue,2018-03-03T17:27:47.000Z,"Hulk √© esse gat√£o maravilhoso que t√° h√° bastante tempo na ONG. Sabe, as pessoas ainda tem bastante resist√™ncia em adotar um gatinho preto, e eles acabam sobrando :/
D√° uma chance pro Hulk!

http://catland.org.br/Animals/Details/16484346-c3f6-46bc-be4a-850f84336c60‚Ä¶

#AdoteN√£oCompre #AdoteUmAdulto #Catland #JuntosSomosMelhores"
548,lucas paiva,@paiva,2018-02-28T23:52:07.000Z,"pessoa: to triste

eu: meu deus o que aconteceu me conta bebe vc quer o mundo???? eu te dou nao fique triste nao vc nao merece isso vc √© a coisa mais importante desse mundo eu te amo vamos ficar bem te ajudo com o que vc precisar minha coisa mais preciosa

eu: to triste

pessoa: https://twitter.com/lulkasm/status/966148420342878208‚Ä¶Este Tweet n√£o est√° dispon√≠vel."
549,gabizinha,@gabturquetti,2018-03-01T15:43:48.000Z,Toda vez que eu vejo essas dunas meu cora√ß√£o bate mais forte kkkk amo meu tema de mestrado 
550,gabizinha,@gabturquetti,2018-02-28T19:11:43.000Z,"Migos, t√¥ fazendo insta e a coisa tudo pra vender meus docinhos <3 quero todos vcs me apoiando plisi"
551,gabizinha,@gabturquetti,2018-02-28T16:11:11.000Z,Triste demais com o falecimento do Gilson. Desde baby eu ia l√° e ganhava v√°rios pirulitos :(
552,Correio Braziliense,@correio,2018-02-28T03:01:18.000Z,"Estudantes da UnB lamentam morte de ""Gilsinho da banca""
 http://bit.ly/2GSoBRb"
553,Catland - ado√ß√£o de gatinhos,@catlandrescue,2018-03-03T17:27:47.000Z,"Hulk √© esse gat√£o maravilhoso que t√° h√° bastante tempo na ONG. Sabe, as pessoas ainda tem bastante resist√™ncia em adotar um gatinho preto, e eles acabam sobrando :/
D√° uma chance pro Hulk!

http://catland.org.br/Animals/Details/16484346-c3f6-46bc-be4a-850f84336c60‚Ä¶

#AdoteN√£oCompre #AdoteUmAdulto #Catland #JuntosSomosMelhores"
554,lucas paiva,@paiva,2018-02-28T23:52:07.000Z,"pessoa: to triste

eu: meu deus o que aconteceu me conta bebe vc quer o mundo???? eu te dou nao fique triste nao vc nao merece isso vc √© a coisa mais importante desse mundo eu te amo vamos ficar bem te ajudo com o que vc precisar minha coisa mais preciosa

eu: to triste

pessoa: https://twitter.com/lulkasm/status/966148420342878208‚Ä¶Este Tweet n√£o est√° dispon√≠vel."
555,gabizinha,@gabturquetti,2018-03-01T15:43:48.000Z,Toda vez que eu vejo essas dunas meu cora√ß√£o bate mais forte kkkk amo meu tema de mestrado 
556,gabizinha,@gabturquetti,2018-02-28T19:11:43.000Z,"Migos, t√¥ fazendo insta e a coisa tudo pra vender meus docinhos <3 quero todos vcs me apoiando plisi"
557,gabizinha,@gabturquetti,2018-02-28T16:11:11.000Z,Triste demais com o falecimento do Gilson. Desde baby eu ia l√° e ganhava v√°rios pirulitos :(
558,Correio Braziliense,@correio,2018-02-28T03:01:18.000Z,"Estudantes da UnB lamentam morte de ""Gilsinho da banca""
 http://bit.ly/2GSoBRb"
