,index,tweet
2,gente,222
6,estudar,120
7,fisica,96
9,amanha,88
13,dormir,78
23,queria,56
25,prova,53
29,ficar,50
32,melhor,46
35,vontade,44
36,semestre,44
44,quase,39
45,tomar,38
47,carro,37
49,lindo,36
51,feliz,35
52,agora,35
53,vamos,35
54,comprar,35
57,ferias,34
60,quero,33
63,acordar,32
64,sobre,31
65,coragem,31
66,calculo,31
67,comer,30
68,jeito,30
70,alguem,29
71,semana,29
72,voltar,29
74,tempo,29
75,pibic,29
76,voces,29
77,materia,29
78,geofisica,29
81,minha,28
82,namorado,28
83,passar,28
84,chega,28
85,tirar,28
86,amigos,28
87,mundo,28
90,conseguir,27
91,dificil,26
93,consigo,25
94,kkkkk,24
96,professor,24
98,serio,24
99,comecar,23
100,odeio,23
101,saber,23
102,passei,23
104,linda,23
108,ficou,22
111,artigo,21
112,minutos,21
113,cabeca,21
114,dando,21
117,cabelo,21
121,entao,20
124,tenho,19
127,aulas,19
129,caralho,19
130,facil,18
131,comigo,18
133,preguica,18
134,surfinbird,18
137,volta,18
138,acabar,18
139,criando,18
140,dinheiro,18
141,comprei,17
143,caros,17
144,exercicios,17
146,ouvindo,17
147,brigada,17
150,relatorio,17
151,frisbee,16
152,escrever,16
153,campo,16
154,deixar,16
155,depois,16
156,finalmente,16
157,negocio,16
161,terminar,16
163,colocar,15
164,passa,15
168,celular,15
171,parar,15
175,pessoas,15
177,phygeo,15
178,deixa,15
179,likeaweird,15
181,reais,15
182,realmente,15
183,aniversario,15
184,moodle,15
185,chegar,15
187,consegui,14
188,achei,14
190,passando,14
191,partiu,14
192,chorar,14
194,orientador,14
195,fazer,14
196,artists,14
197,muito,14
198,experimental,14
199,pegar,14
200,chegou,14
203,preciso,14
207,arrumar,13
209,certo,13
210,sephora,13
212,roupa,13
213,gabriela,13
214,lista,13
215,manha,13
218,querendo,13
220,enfim,12
222,kkkkkk,12
223,adios,12
226,falando,12
228,ultimo,12
230,espero,12
231,porra,12
232,resultado,12
233,corpo,12
234,jogar,12
236,levantar,12
237,marco,12
238,curso,12
240,pessoa,11
244,topografia,11
245,fechar,11
246,crossfit,11
247,kkkkkkk,11
249,quando,11
250,mandar,11
251,acordei,11
254,falar,11
258,sozinha,11
259,daqui,11
260,vender,11
262,ideia,11
263,direito,11
264,passou,11
265,nunca,11
267,boatos,11
268,estudando,11
269,capeta,11
270,quimica,10
274,parada,10
275,aprender,10
276,paciencia,10
277,levar,10
278,ficando,10
279,impossivel,10
280,socorro,10
281,mestrado,10
282,mayara,10
283,qualquer,10
284,motivos,10
286,pessoal,10
287,ninguem,10
288,brasilia,10
289,paginas,10
290,galera,10
292,ansiosa,10
293,tentando,10
294,lavar,9
295,ultima,9
297,conta,9
298,domingo,9
299,detran,9
300,estudo,9
303,manda,9
304,cortar,9
305,morrendo,9
307,acabei,9
308,dormi,9
309,mentira,9
311,migos,9
313,pensar,9
314,entendo,9
315,questao,9
317,aguento,9
319,cheguei,9
320,redacao,9
321,massa,9
322,chuteira,9
324,livro,9
326,coracao,9
327,lembro,9
328,forcas,9
330,chocolate,9
331,resolver,9
332,chegando,9
333,comendo,9
334,projeto,8
336,fazia,8
338,bosta,8
341,descer,8
342,hotel,8
344,louca,8
345,teste,8
346,jovens,8
347,chato,8
348,cartao,8
349,brasil,8
350,ingles,8
351,entender,8
352,lindos,8
353,empresa,8
354,choro,8
356,sabado,8
357,seminario,8
360,rafinha,8
362,materias,8
363,computador,8
364,pensando,8
365,trabalhar,8
367,entendi,8
369,raiva,8
371,irmao,8
374,musica,8
376,coisa,8
378,descobrir,7
379,batom,7
380,aprendi,7
381,jesus,7
382,tomei,7
384,milagre,7
388,valeu,7
389,pariu,7
390,maquiagem,7
391,acabou,7
392,natal,7
393,acabo,7
395,moveis,7
396,achando,7
397,horario,7
398,capinha,7
400,presente,7
401,diferente,7
402,virar,7
403,rosto,7
404,pinceis,7
408,incrivel,7
409,fiquei,7
410,comeco,7
411,euzinha,7
412,feira,7
413,matricula,7
414,horrivel,7
415,brinco,7
416,sonho,7
417,namoradinho,7
419,curriculo,7
420,ainda,7
422,pedir,7
423,livros,7
425,consta,7
427,vidro,7
428,arctic,7
429,comecou,7
430,sacanagem,7
431,querido,7
433,dirigir,7
434,lidar,7
436,neguim,7
437,adivinha,7
439,apenas,7
440,mineral,7
441,vestibular,7
442,semanas,7
443,aguas,7
444,lattes,7
445,monkeys,7
446,esperar,7
447,doente,7
450,gasolina,7
451,matlab,7
452,fotos,7
454,cabei,6
455,relatorios,6
456,precisa,6
457,calor,6
458,acordando,6
460,continuar,6
461,entrar,6
462,cabelinho,6
463,metas,6
465,onibus,6
466,carai,6
467,maravilhosa,6
468,menina,6
469,provinha,6
470,deveria,6
472,gracas,6
473,fluidos,6
474,nossa,6
475,colica,6
477,afinal,6
478,processar,6
480,claras,6
482,todos,6
484,rilley,6
486,filho,6
488,terca,6
489,facebook,6
490,namoro,6
491,fucking,6
492,questoes,6
493,morrissey,6
494,festa,6
495,sinto,6
498,barra,6
499,prefiro,6
503,conversar,6
504,atencao,6
506,desistir,6
507,legal,6
508,comida,6
509,comeca,6
510,obrigada,6
512,sears,6
513,passado,6
514,mesmo,6
516,curto,6
517,vergonha,6
519,doutorado,6
520,radiohead,6
521,acorda,6
522,almocar,6
523,fundo,6
524,aparece,6
526,preco,6
528,doida,6
529,ouvir,6
530,morrer,6
531,grade,6
535,integral,6
536,unica,6
537,epoca,6
538,menino,6
539,chorando,6
540,chateada,6
541,amandlagandhi,6
542,precisando,6
543,contar,6
544,geologia,6
547,acabando,5
548,bencao,5
550,tchau,5
551,turma,5
552,absurdo,5
554,beleza,5
555,provas,5
556,maldito,5
557,adiantar,5
558,comecando,5
561,bloco,5
562,viajar,5
563,desespero,5
565,parabens,5
566,senhor,5
567,lagrimas,5
568,mandando,5
569,kkkkkkkkkkkk,5
571,kkkkkkkkk,5
572,aceito,5
573,existe,5
574,gostaria,5
575,moyses,5
576,engracado,5
577,atrasada,5
578,cespe,5
579,coisinhas,5
580,areia,5
581,queridos,5
582,ansiedade,5
583,quantidade,5
584,chego,5
585,claro,5
586,declarar,5
587,tomando,5
589,aaaaa,5
590,causa,5
591,ultimate,5
593,bolsa,5
594,trocar,5
595,banheiro,5
597,maravilhoso,5
599,resolvi,5
602,sedimento,5
604,aaaaaa,5
606,voltou,5
608,doido,5
609,blusa,5
610,inventar,5
611,academia,5
612,correndo,5
613,amorim,5
614,igual,5
615,coloquei,5
616,ressaca,5
618,comemorar,5
619,rendi,5
620,motivo,5
623,porque,5
624,tempos,5
625,escolher,5
626,hamburguer,5
627,slides,5
629,carona,5
630,treino,5
631,internet,5
632,forasteira,5
634,terra,5
636,creio,5
637,black,5
638,transito,5
639,longo,5
640,amazonas,5
644,porem,5
645,problema,5
646,historia,5
649,amandla,5
650,brownie,5
652,rinite,5
653,pincel,5
654,amiga,5
655,mayer,5
656,programacao,5
658,titulo,5
659,inteiro,5
661,iphone,5
662,beber,5
664,formar,5
665,shopping,5
666,oficial,5
668,sensacional,5
669,professora,5
670,gosto,5
671,ebaaaa,5
673,aaaaaaa,5
674,inclusive,5
675,acordou,5
677,resto,5
678,proceis,5
680,kkkkkkkk,5
683,perceber,5
684,noite,5
685,gostei,5
688,frente,5
689,considero,5
691,ontem,5
692,artigos,5
695,peguei,5
697,perfume,5
699,drawing,5
700,brigadeiro,5
701,desculpa,5
702,resumo,5
703,reclamar,5
704,banho,5
705,recomendo,5
706,lenda,5
708,vendendo,5
709,sorvete,4
711,piorar,4
712,principalmente,4
713,desgraca,4
714,oculos,4
715,aleluia,4
716,conheco,4
717,descobri,4
719,serie,4
720,sucesso,4
721,dressinha,4
722,texto,4
725,calouros,4
726,parede,4
727,tirando,4
728,mudar,4
729,quente,4
730,acreditando,4
731,extra,4
732,duvidas,4
733,kkkkkkkkkjk,4
734,email,4
735,inscricao,4
736,deixo,4
738,verao,4
739,visto,4
740,indignada,4
741,entendendo,4
742,altura,4
743,estudei,4
744,alegria,4
745,imaginam,4
746,study,4
747,ligando,4
748,lindas,4
750,melhores,4
752,esperava,4
753,simples,4
754,videos,4
755,oremos,4
756,dizendo,4
757,status,4
758,morta,4
759,horinha,4
760,simplesmente,4
762,quiser,4
763,antibiotico,4
764,jamais,4
765,manter,4
766,lactose,4
767,ratinhos,4
768,lamento,4
769,dormiu,4
771,gordo,4
772,perdi,4
773,brother,4
775,sentar,4
776,chamar,4
780,compras,4
781,segura,4
782,podre,4
783,acham,4
784,acordo,4
785,assistir,4
786,achar,4
788,pegando,4
789,chamado,4
791,chama,4
792,andar,4
794,docinho,4
795,gostoso,4
796,bombar,4
798,capitulo,4
799,exercicio,4
800,chuva,4
801,nisso,4
802,estacionamento,4
803,estarei,4
805,series,4
806,apresentacao,4
807,jacquin,4
809,melhorar,4
810,grana,4
811,andressa,4
813,carne,4
814,sorte,4
815,ganhei,4
816,aparecer,4
818,mimir,4
819,posso,4
820,enjoei,4
821,carencia,4
822,galois,4
823,entra,4
824,passe,4
826,mamae,4
827,tomara,4
828,arquivos,4
829,pizza,4
830,volto,4
831,marcar,4
832,malhar,4
833,s2s2s2,4
834,sumiu,4
835,ficam,4
837,pesquisa,4
838,ganho,4
839,teorica,4
840,ajudar,4
841,esqueci,4
842,ganhar,4
846,comecei,4
847,cabou,4
849,saudades,4
850,vendi,4
851,limpo,4
852,linha,4
853,entregar,4
854,hehehe,4
855,felipe,4
856,sabendo,4
857,minimo,4
858,funciona,4
860,sobrinha,4
861,passo,4
862,sendo,4
863,sentindo,4
864,apaixonada,4
865,continue,4
866,estao,4
867,reclamando,4
869,resultados,4
870,colocando,4
871,lendo,4
872,donalds,4
873,notas,4
874,professores,4
875,curiosidade,4
877,pedindo,4
880,sexta,4
881,graduacao,4
882,mcfly,4
884,estaria,4
885,almoco,4
886,compra,4
887,cursinho,4
889,esporte,4
890,desse,4
891,faces,4
892,calmante,4
893,esquecer,4
894,total,4
895,rotacoes,4
896,comprem,4
897,playground,4
898,ansiosamente,4
899,jantar,4
901,obrigacoes,4
902,fluxo,4
905,janeiro,4
906,congresso,4
907,unhas,4
908,rapidinho,4
909,metade,4
910,sentir,4
911,kkkkkkkkkkkkkk,4
912,aguentar,4
913,video,4
915,perder,4
916,acredito,4
918,olhar,4
919,errado,4
920,roupas,4
922,inves,4
923,adoro,4
924,palavras,4
925,chapar,4
927,calouro,4
928,brincando,4
929,namorados,4
930,biologia,4
931,pagar,4
932,acabaram,4
933,espera,3
934,noiva,3
935,marcos,3
936,legais,3
937,comprou,3
938,carissimos,3
942,horror,3
943,metodos,3
944,madrugada,3
945,reuniao,3
946,dissertacao,3
947,dormindo,3
949,livre,3
950,tenis,3
951,chorei,3
953,colocou,3
955,chalks,3
958,stage,3
960,aquele,3
961,cadeia,3
962,pacas,3
963,kkkkkkkkkkkkkkkkkkkkk,3
964,inscrever,3
965,receber,3
966,irado,3
967,troco,3
968,doendo,3
969,plmmds,3
970,lavigne,3
971,termoquimica,3
972,animar,3
975,sofrendo,3
976,rafael,3
977,soundgarden,3
979,filha,3
981,escrevendo,3
982,cortaram,3
984,trabalhinho,3
985,conto,3
986,revisar,3
987,envolvidos,3
988,sangue,3
989,bater,3
990,dados,3
991,divulgar,3
992,naked,3
993,xopis,3
994,ficarei,3
995,junto,3
996,estudos,3
997,eleitor,3
1000,paragrafo,3
1003,besteira,3
1004,polinomios,3
1005,sonhei,3
1006,consegue,3
1008,futuro,3
1009,sugestoes,3
1010,simposio,3
1011,norte,3
1012,kkkkkkkkkkkkkkk,3
1013,trakinas,3
1014,paguei,3
1015,chata,3
1017,kkkkkkkkkk,3
1019,maria,3
1020,primeira,3
1021,depre,3
1022,durmo,3
1023,imagens,3
1024,corrido,3
1025,noticia,3
1026,textos,3
1027,decidir,3
1028,comprando,3
1030,paleta,3
1032,amando,3
1033,descubro,3
1034,predio,3
1036,bepantol,3
1037,avril,3
1038,sinceramente,3
1041,prometo,3
1042,mulher,3
1043,opcao,3
1044,amado,3
1045,infinito,3
1046,italia,3
1047,escrevi,3
1049,obvio,3
1051,responda,3
1052,rocha,3
1053,encontra,3
1056,merece,3
1058,cookie,3
1059,trazer,3
1060,sentido,3
1061,bibliografica,3
1062,sofrer,3
1063,percebi,3
1064,junior,3
1065,avisa,3
1066,atualizar,3
1067,nivel,3
1068,fechada,3
1070,resolve,3
1071,rafsbarcellos,3
1072,barcellos,3
1075,pergunta,3
1076,situacao,3
1077,limites,3
1078,conseguiu,3
1079,portanto,3
1080,gravitacao,3
1081,deixando,3
1082,ginetom,3
1084,responde,3
1085,welitom,3
1086,tinha,3
1087,fazendo,3
1088,animo,3
1089,tecniques,3
1091,corrigir,3
1093,graca,3
1094,pasta,3
1097,votar,3
1098,fudeu,3
1100,retirar,3
1101,sismica,3
1102,despertador,3
1104,prestes,3
1105,jogando,3
1107,gatos,3
1108,aaaaaaaaaaa,3
1110,procura,3
1111,monica,3
1112,perfil,3
1114,masterchef,3
1115,biblioteca,3
1117,ajuda,3
1120,queijo,3
1122,rimel,3
1123,acontecendo,3
1124,suquinho,3
1125,crendo,3
1126,super,3
1127,diabo,3
1128,alunos,3
1129,duvida,3
1130,dezembro,3
1131,culpa,3
1133,acaba,3
1134,fudida,3
1135,namorada,3
1137,mando,3
1138,define,3
1139,primeiramente,3
1140,rindo,3
1141,oferta,3
1142,rango,3
1144,organizar,3
1145,desesperada,3
1147,decepcao,3
1148,alarme,3
1149,claramente,3
1152,convencer,3
1153,derivada,3
1154,aceitando,3
1156,decisao,3
1162,torcendo,3
1163,migas,3
1164,gatinho,3
1165,tamanho,3
1166,prazo,3
1167,correr,3
1168,capinhas,3
1169,regra,3
1175,agosto,3
1177,fingir,3
1178,versao,3
1179,vermelha,3
1181,limpa,3
1182,parente,3
1183,missao,3
1184,clara,3
1185,segue,3
1186,acontece,3
1187,desisto,3
1189,forcagabs,3
1191,casal,3
1192,corel,3
1193,nasceu,3
1194,calca,3
1195,parei,3
1197,encontrar,3
1198,crush,3
1199,aconteceu,3
1201,oasis,3
1203,basta,3
1204,armaria,3
1205,leite,3
1206,tirei,3
1208,conclusao,3
1209,seria,3
1210,esperando,3
1211,senhorita,3
1212,abrir,3
1215,fraca,3
1216,faltando,3
1217,terminando,3
1218,pokemon,3
1220,nanar,3
1221,cheio,3
1222,aulinha,3
1223,demorando,3
1228,durante,3
1229,fuder,3
1230,estou,3
1231,pedroza,3
1232,tweet,3
1233,tranquei,3
1235,pakas,3
1236,ignea,3
1237,prontos,3
1238,unico,3
1239,books,3
1240,revisao,3
1241,marca,3
1243,pouquinho,3
1244,voltando,3
1246,sabia,3
1248,tensa,3
1249,presenca,3
1250,soninho,3
1251,salario,3
1252,tento,3
1253,perfeita,3
1254,carnaval,3
1255,netflix,3
1256,pesquisar,3
1257,ocupar,3
1259,conseguem,3
1261,cheia,3
1262,placebo,3
1263,merecido,3
1264,entro,3
1266,energia,3
1267,candy,3
1268,turmas,3
1269,besta,3
1271,mijou,3
1272,esquecido,3
1273,merda,3
1274,soares,3
1275,preto,3
1277,iaiao,3
1278,senta,3
1279,velho,3
1280,disco,3
1281,inexistente,3
1282,lembrar,3
1283,flowerbomb,3
1284,vazia,3
1285,vagabunda,3
1286,twitter,3
1287,falta,3
1289,diminui,3
1290,licenca,3
1291,liberdade,3
1292,aguardando,3
1293,migue,3
1294,chamando,3
1295,bancar,3
1297,desanimo,3
1298,geofisico,3
1299,baixei,3
1300,estava,3
1301,cover,3
1302,estoque,3
1304,infernos,3
1305,gastar,3
1306,humanas,3
1307,toefl,3
1310,coleguinhas,3
1312,pagina,2
1313,letras,2
1314,snatch,2
1316,viver,2
1319,aeaeae,2
1321,astrobiologia,2
1322,entreguei,2
1323,acharia,2
1325,fofura,2
1326,musicas,2
1327,dream,2
1328,genteeee,2
1331,escrita,2
1332,berenice,2
1333,beauty,2
1335,caminha,2
1337,faltar,2
1338,sentia,2
1339,volante,2
1340,power,2
1341,ganhasse,2
1342,crianca,2
1344,agradecer,2
1345,responder,2
1346,comparado,2
1347,naooooo,2
1348,insta,2
1349,sujeira,2
1350,figado,2
1351,brincar,2
1352,talheres,2
1353,respira,2
1354,estragar,2
1355,aaaaaaaaa,2
1356,novinha,2
1357,diazinho,2
1358,check,2
1359,engenharia,2
1360,viajo,2
1361,louco,2
1362,greve,2
1363,flashes,2
1364,pesadelo,2
1365,batiste,2
1366,mulheres,2
1367,esperanca,2
1368,dirigindo,2
1369,salto,2
1370,quebrou,2
1371,incriveis,2
1372,adorei,2
1373,pobre,2
1374,virou,2
1375,nesse,2
1376,longa,2
1377,enfie,2
1378,jogos,2
1379,medio,2
1380,forte,2
1381,considerando,2
1384,quarta,2
1386,nervoso,2
1387,cientifico,2
1388,casinha,2
1389,continuo,2
1392,normal,2
1393,cogitando,2
1395,morar,2
1396,haaaaaaaa,2
1397,felicidade,2
1398,sinal,2
1400,tentativa,2
1403,garagem,2
1404,interferencia,2
1405,cilada,2
1406,externo,2
1407,perdeu,2
1409,encarar,2
1410,pedacos,2
1412,campeonato,2
1413,sentimento,2
1415,enrolar,2
1417,gatinhos,2
1418,limite,2
1419,milhao,2
1421,perco,2
1423,racao,2
1426,torta,2
1427,chocada,2
1429,parece,2
1430,adocao,2
1431,gluten,2
1434,condicoes,2
1436,russia,2
1437,formatacao,2
1438,camiseta,2
1440,errada,2
1441,embaixo,2
1442,nessa,2
1443,voltarem,2
1444,aparecendo,2
1445,lancou,2
1446,rotina,2
1447,monitora,2
1448,estando,2
1449,nervosa,2
1450,demissao,2
1451,maisssssss,2
1452,mostra,2
1454,banda,2
1455,paulo,2
1457,largar,2
1458,varinha,2
1459,dormirei,2
1460,talentos,2
1461,triste,2
1462,sport,2
1463,possivel,2
1464,sensa,2
1465,valendo,2
1466,vibes,2
1467,engana,2
1468,suficiente,2
1469,calculos,2
1470,todinha,2
1471,ideias,2
1472,chapa,2
1473,significa,2
1474,convenhamos,2
1475,progresso,2
1476,hangouts,2
1477,humilde,2
1478,comparecer,2
1479,hilton,2
1480,campos,2
1481,intolerancia,2
1482,guento,2
1483,elasticidade,2
1484,ferro,2
1485,mostrar,2
1486,queimar,2
1489,matematica,2
1490,veeeei,2
1491,aluno,2
1493,episodio,2
1494,guardar,2
1495,depender,2
1497,sofrimento,2
1498,prints,2
1499,saido,2
1500,segurar,2
1504,toddynho,2
1506,pensa,2
1508,aplicar,2
1509,lascada,2
1510,preparando,2
1511,modern,2
1512,episodios,2
1513,bichinho,2
1515,saida,2
1516,sekito,2
1517,caraaaaaai,2
1518,cachorro,2
1519,zuado,2
1521,ratinho,2
1523,rolter,2
1526,hehehehe,2
1527,pecam,2
1528,arcgis,2
1529,caloura,2
1530,pertence,2
1531,desistindo,2
1532,aguardem,2
1533,peder,2
1534,acordada,2
1535,chefe,2
1536,gabichaves,2
1538,cansam,2
1539,bitches,2
1540,trancar,2
1543,plano,2
1544,valerix,2
1545,guaramil,2
1546,baixar,2
1547,raderson,2
1548,marine,2
1549,termina,2
1550,moema,2
1552,incrivelmente,2
1553,implicita,2
1554,humor,2
1557,notebook,2
1558,achou,2
1559,enchendo,2
1560,apostilas,2
1561,ligava,2
1562,sensacao,2
1563,ganhou,2
1565,namora,2
1567,ignorante,2
1569,costas,2
1570,abreu,2
1571,entrei,2
1572,inventou,2
1573,zuera,2
1576,prepara,2
1577,deixava,2
1578,bolacha,2
1581,vazias,2
1582,bixim,2
1583,kkkkkkkkkkkkk,2
1584,family,2
1585,repito,2
1586,promocao,2
1589,simulink,2
1590,seguro,2
1591,trabalhos,2
1592,sobrevivi,2
1593,aceita,2
1594,mandem,2
1595,sentirei,2
1596,sirvo,2
1597,desanimada,2
1598,since,2
1599,sobreviver,2
1600,sacar,2
1601,pijama,2
1602,defender,2
1603,anuncio,2
1604,procuro,2
1605,amostra,2
1606,arrumei,2
1607,pronta,2
1608,aeroporto,2
1609,placa,2
1610,companhia,2
1611,eletrica,2
1612,coloco,2
1613,formando,2
1614,india,2
1615,acucar,2
1616,dimdim,2
1617,espirito,2
1618,bendita,2
1619,residencia,2
1620,introducao,2
1621,vendo,2
1622,monitoria,2
1623,pareco,2
1624,maquiagens,2
1625,amigas,2
1626,permitir,2
1627,renovar,2
1628,queimado,2
1630,esquerdo,2
1631,aparelho,2
1632,pediu,2
1633,vende,2
1634,estudaram,2
1635,termino,2
1636,apagar,2
1637,zzzzzzzz,2
1638,marquinhos,2
1639,sementinha,2
1641,dieta,2
1642,usando,2
1643,chegam,2
1644,snapchat,2
1645,faltam,2
1646,desenho,2
1647,contas,2
1649,gasto,2
1650,templo,2
1651,coloca,2
1652,conheci,2
1655,posto,2
1656,tesoura,2
1657,botar,2
1658,capitulos,2
1659,instagram,2
1661,playlist,2
1662,chamada,2
1663,perde,2
1664,serve,2
1665,acumulando,2
1666,grupos,2
1668,bonde,2
1669,agonia,2
1670,favorzinho,2
1671,dirigido,2
1672,pipoca,2
1673,taxas,2
1674,venha,2
1678,entrego,2
1679,processo,2
1680,chegarem,2
1681,conforto,2
1683,corretivo,2
1684,goste,2
1685,guria,2
1686,naooo,2
1688,picareta,2
1689,ladeira,2
1690,iremos,2
1692,conhece,2
1693,clovis,2
1694,subir,2
1695,segunda,2
1696,mermao,2
1697,funcionar,2
1699,resolucao,2
1701,reclamam,2
1702,topicos,2
1703,sirigaita,2
1704,veiculos,2
1706,banca,2
1707,gostando,2
1708,complexa,2
1709,parabrisa,2
1710,servico,2
1711,caraaaaaalho,2
1712,caderno,2
1713,alone,2
1714,plantada,2
1715,espinhas,2
1716,facas,2
1717,universo,2
1718,carteira,2
1719,cansa,2
1720,mente,2
1721,bebado,2
1722,carente,2
1724,talher,2
1725,maldita,2
1726,arvore,2
1730,provavelmente,2
1731,variavel,2
1732,capacidade,2
1733,fundamental,2
1734,passam,2
1735,sequencia,2
1736,rasteira,2
1738,roubaram,2
1739,matando,2
1740,matriz,2
1741,caridosa,2
1742,conseguirei,2
1743,damien,2
1744,cansada,2
1745,orelha,2
1746,legislacao,2
1747,lolla,2
1748,ahhhhhhhhhh,2
1749,corte,2
1750,rendeu,2
1751,atualmente,2
1752,surtar,2
1753,casando,2
1754,pronto,2
1755,descobriu,2
1756,cagef,2
1757,conjunto,2
1758,susto,2
1759,final,2
1760,branca,2
1762,gostosa,2
1763,simpaticos,2
1764,universitaria,2
1765,partes,2
1767,finalmenteeee,2
1768,correio,2
1769,danada,2
1770,profissional,2
1771,princesa,2
1772,tentativas,2
1773,caixa,2
1774,novooooo,2
1775,fecho,2
1777,alivio,2
1778,mcflurry,2
1779,comidinha,2
1780,escreve,2
1781,explodir,2
1784,kooks,2
1785,levei,2
1786,estraga,2
1787,baixando,2
1788,apanhando,2
1789,nadinha,2
1791,mandou,2
1792,ombro,2
1794,sobremesa,2
1795,enfiar,2
1796,perninhas,2
1798,unicas,2
1799,mulan,2
1800,amorzinho,2
1801,desde,2
1802,fechado,2
1803,escrevia,2
1804,ajude,2
1805,dedicar,2
1806,batman,2
1807,senti,2
1809,salvar,2
1810,negativa,2
1811,cansei,2
1812,casada,2
1814,ensino,2
1815,burra,2
1816,short,2
1817,escola,2
1818,maravilhosos,2
1819,saudavel,2
1820,barato,2
1822,enviado,2
1823,rabanada,2
1825,decidi,2
1826,charme,2
1828,atinge,2
1829,relacionamento,2
1831,abracar,2
1832,voltei,2
1833,probabilidade,2
1834,juradinho,2
1836,amigo,2
1837,choque,2
1838,lucas,2
1839,procurando,2
1840,pixel,2
1841,dividindo,2
1842,linhas,2
1843,meninas,2
1844,iogurte,2
1845,trouxa,2
1846,deixam,2
1848,ressaltar,2
1849,inesperada,2
1850,chegaram,2
1851,nacional,2
1852,remunerado,2
1855,fugindo,2
1856,elegante,2
1857,bernoulli,2
1858,praticamente,2
1859,sorrindo,2
1860,lancaram,2
1861,admitir,2
1862,galaxy,2
1863,dolares,2
1864,satanas,2
1865,descansar,2
1866,acertei,2
1867,jaquinha,2
1868,acordado,2
1870,rugby,2
1871,palhacada,2
1872,mencoes,2
1873,recurso,2
1874,esqueceu,2
1875,quebra,2
1876,pernas,2
1877,conseguindo,2
1878,explica,2
1879,experimento,2
1880,lascando,2
1881,compartilhar,2
1882,bunda,2
1883,abasteca,2
1884,energetico,2
1885,entrando,2
1886,intuito,2
1887,arrego,2
1889,compromisso,2
1890,autoescola,2
1891,coisas,2
1892,dizer,2
1893,chamava,2
1894,miseravel,2
1897,reebok,2
1898,certa,2
1901,ahasou,2
1902,uhuuuuu,2
1903,gripe,2
1904,dependendo,2
1905,cheiro,2
1906,forca,2
1907,macarrao,2
1908,peugeot,2
1910,efeito,2
1911,gosta,2
1912,idade,2
1913,vidinha,2
1915,aeeeeeee,2
1917,estagio,2
1918,crise,2
1919,completamente,2
1920,recalque,2
1921,mestre,2
1922,faria,2
1923,solteiros,2
1925,tranquila,2
1926,tchum,2
1927,credito,2
1928,frase,2
1929,ficaria,2
1930,formo,2
1931,oftalmologista,2
1932,falaram,2
1933,novamente,2
1934,resta,2
1937,binaria,2
1938,rsrsrs,2
1940,primeiro,2
1942,testinho,2
1943,relembrar,2
1944,colorido,2
1945,veteranos,2
1946,buchinho,2
1950,descolar,2
1951,chances,2
1952,bloquear,2
1953,abusado,2
1956,madrugar,2
1957,virei,2
1959,preocupada,2
1960,bazar,2
1961,quanto,2
1962,separar,2
1963,parem,2
1964,exato,2
1965,focar,2
1966,nintendo,2
1967,mirian,2
1969,velhos,2
1970,altos,2
1971,magina,2
1972,esperancas,2
1973,rodar,2
1974,grave,2
1975,raios,2
1976,companhias,2
1978,condicionado,2
1980,torrar,2
1981,argentina,2
1982,ingresso,2
1983,poucoooo,2
1984,cuuuu,2
1985,descolada,2
1986,risos,2
1987,bicho,2
1988,perdido,2
1989,ground,2
1990,campanha,2
1991,mental,2
1993,aguenta,2
1994,exames,2
1996,tipos,2
1998,melhorou,2
2001,chupa,2
2002,estomago,2
2003,delicia,2
2004,pirci,2
2005,bateria,2
2006,chegarei,2
2008,tambem,2
2009,album,2
2010,discos,2
2011,abaixo,2
2012,liberar,2
2013,xonas,2
2014,colar,2
2016,deixei,2
2017,ementa,2
2018,inteira,2
2019,trouxe,2
2021,suado,2
2022,perdoo,2
2024,testando,2
2027,aguentava,2
2028,sedimentar,2
2029,curti,2
2030,forcar,2
2031,oficina,2
2032,proativa,2
2033,puxar,2
2034,humana,2
2036,cristo,2
2037,assim,2
2038,doctor,2
2039,demais,2
2040,desenhos,2
2041,olhando,2
2042,preta,2
2043,imprimir,2
2044,erros,2
2045,lavei,2
2046,experiencia,2
2047,psicologicamente,2
2049,complicado,2
2050,graficos,2
2052,teoricas,2
2053,pontualmente,2
2055,monitores,2
2056,proporciona,2
2057,listas,2
2059,importados,2
2060,kakakakaka,2
2061,todinho,2
2062,futuros,2
2063,compensa,2
2065,vestibulares,2
2066,velhinhos,2
2067,aaaaaaaaaaaa,2
2071,diabos,2
2072,memes,2
2073,evento,2
2075,rodas,2
2076,respirar,2
2077,lindooooo,2
2079,beijo,2
2080,velocidade,2
2081,aproveitar,2
2082,trabalhando,2
2084,modulo,2
2085,mascara,2
2086,lindinha,2
2088,negocios,2
2089,impressionada,2
2090,fugir,2
2091,completo,2
2093,minima,2
2094,piece,2
2095,rolou,2
2096,trote,2
2097,organizacao,2
2098,babacas,2
2100,acerto,2
2101,inchado,2
2103,inutil,2
2104,urgentemente,2
2105,dificuldade,2
2106,batata,2
2107,dedinho,1
2108,desnecessaria,1
2109,number,1
2110,desanimei,1
2111,fizeram,1
2112,dependentes,1
2113,especie,1
2114,recepcionista,1
2115,cachorrada,1
2116,autores,1
2117,instrumentos,1
2118,parecida,1
2119,bonita,1
2120,taaaaaaaaaa,1
2121,dinheirinho,1
2123,completasso,1
2124,mudem,1
2125,ficha,1
2126,seculos,1
2127,antibioticos,1
2128,ganhando,1
2129,menosprezo,1
2131,senhora,1
2132,frutinhas,1
2133,casamento,1
2134,kkkkkkkkkkk,1
2135,repelente,1
2136,reacao,1
2137,famoso,1
2138,soltando,1
2139,levantei,1
2141,regressiva,1
2142,fizessemos,1
2143,bixinha,1
2144,descontroladamente,1
2145,squat,1
2146,locomover,1
2147,eleicao,1
2148,beijinho,1
2149,estudarrrrr,1
2150,desconforto,1
2151,aprendendo,1
2152,mesesssssss,1
2153,porraaaa,1
2154,escuro,1
2157,carregador,1
2158,mylovi,1
2159,explodindo,1
2160,felizzzzzzzz,1
2161,graduando,1
2162,volte,1
2163,turquia,1
2164,camadas,1
2165,bucha,1
2166,burocracias,1
2167,chantagem,1
2169,antigos,1
2170,s2s2s,1
2171,tadinha,1
2172,dilemas,1
2173,pleno,1
2174,palavra,1
2175,decidiu,1
2176,chegachegandodandobeijinhonocantodaboca,1
2177,merecer,1
2180,bagunca,1
2181,novoooo,1
2182,emocionada,1
2183,ufologia,1
2184,bacon,1
2187,esfriar,1
2188,demonstrar,1
2190,tirava,1
2191,kkkkkkkkkkkkkkkkkkkk,1
2192,abanando,1
2193,desgraaaaaaaca,1
2194,comigoooooo,1
2195,finalmenteeeeeeeeeeeeee,1
2196,buzinar,1
2197,integralmente,1
2198,matriculada,1
2199,rende,1
2200,principal,1
2201,incapaz,1
2203,tudinho,1
2204,faziam,1
2205,pensaram,1
2206,whats,1
2207,largos,1
2208,pronunciou,1
2209,melhoraa,1
2210,dilmas,1
2211,nenemmmmmmmmm,1
2212,postagens,1
2214,lavarem,1
2215,juntos,1
2216,critico,1
2217,disparado,1
2218,formatura,1
2219,encadernar,1
2220,efeitos,1
2221,quartzo,1
2222,demorar,1
2223,lindissima,1
2224,vitoria,1
2225,vagabundagem,1
2227,ressonancia,1
2228,empregado,1
2229,estara,1
2230,entendido,1
2231,celulares,1
2232,importantes,1
2233,aliviada,1
2234,deitar,1
2235,cobertas,1
2236,fiscal,1
2238,intervalo,1
2239,ensinar,1
2240,sentem,1
2241,s22222,1
2242,cranberry,1
2243,twitters,1
2244,hidratante,1
2246,entendedores,1
2249,refletir,1
2250,marcelo,1
2251,maligna,1
2252,caboooooooo,1
2253,s2222222,1
2255,overdose,1
2257,woodstock,1
2258,assunto,1
2260,existencia,1
2262,satisfeira,1
2263,condicionador,1
2264,balaio,1
2265,amores,1
2266,chanel,1
2267,diaaaaa,1
2268,convidar,1
2269,traducao,1
2270,tentada,1
2271,concedeu,1
2272,compradas,1
2274,franz,1
2275,bonitao,1
2276,constantemente,1
2277,furto,1
2279,tccccc,1
2280,galeris,1
2281,necessariamente,1
2282,testemunha,1
2283,protestos,1
2284,fiquem,1
2286,enfia,1
2287,postagem,1
2288,lavada,1
2289,exista,1
2290,junho,1
2291,odeeeeeeeeeeio,1
2292,cacos,1
2293,maple,1
2294,colorindo,1
2295,passava,1
2296,mijar,1
2297,meninaaaaa,1
2299,parabeeens,1
2300,subiuuuuuuuu,1
2301,trauma,1
2302,somehow,1
2303,cryyyy,1
2305,parcela,1
2306,iradas,1
2308,nocao,1
2309,elevador,1
2310,linds,1
2311,postarei,1
2312,pracasa,1
2313,cinto,1
2314,broke,1
2315,peixinhoooooo,1
2317,pedido,1
2318,condensada,1
2319,arrependissima,1
2320,premiado,1
2321,acabaa,1
2322,negociando,1
2323,catiora,1
2324,testado,1
2325,formulario,1
2326,patinhas,1
2327,campeonatooo,1
2329,senha,1
2330,mermaooooooooooooooo,1
2331,hmmmmmmmm,1
2333,daria,1
2335,yeeeeeeeeeeessssssssssssssssssssssss,1
2338,alcool,1
2339,preguicoso,1
2340,latejando,1
2341,afonica,1
2342,forum,1
2343,felizzzz,1
2344,otimos,1
2345,descobro,1
2346,tunes,1
2348,solto,1
2349,desperate,1
2350,exterior,1
2351,astronomia,1
2352,machucar,1
2353,stalk,1
2354,bambas,1
2355,gravimetria,1
2356,baunilha,1
2357,postura,1
2359,repeat,1
2360,front,1
2361,arrumada,1
2363,cobrarem,1
2365,cresce,1
2366,picoleeee,1
2367,concorda,1
2368,vontadee,1
2369,pessimo,1
2370,melancia,1
2372,esseeeeee,1
2373,medica,1
2375,hospital,1
2376,baliza,1
2377,coautores,1
2378,queimaduras,1
2379,avaliacao,1
2380,maezinha,1
2381,quentinha,1
2382,disponiveis,1
2383,eventualmente,1
2384,lemond,1
2386,derivar,1
2387,museu,1
2388,suspeito,1
2389,exigindo,1
2390,destrutiva,1
2392,ingressos,1
2393,strawberry,1
2394,mesosauro,1
2395,satisfacao,1
2396,marcel,1
2397,valor,1
2398,quebrada,1
2399,praga,1
2400,preocupar,1
2401,mereco,1
2402,pqpppp,1
2404,vestibulando,1
2405,fraco,1
2406,clicar,1
2407,adquirir,1
2409,ensina,1
2410,track,1
2411,espinha,1
2412,sentou,1
2413,solucoes,1
2414,epico,1
2415,tragusss,1
2416,doidooooo,1
2417,oscilacoes,1
2418,pimenta,1
2420,instrutor,1
2421,vestibulanda,1
2422,contente,1
2423,cadeira,1
2424,ahhhh,1
2425,vestidos,1
2426,curtem,1
2427,chrome,1
2428,importante,1
2429,homens,1
2430,kdddddddd,1
2431,espalhou,1
2433,cerveja,1
2434,processando,1
2435,future,1
2436,paris,1
2438,referencias,1
2440,uhuhu,1
2441,chupaaaaaaaaaaaaaaaaaaaaaaaaaaaaaaaaaaaaaaaaaaaa,1
2442,ficado,1
2443,acostumada,1
2444,sindrome,1
2445,estacionou,1
2446,malha,1
2447,verrr,1
2448,materiazinha,1
2449,pergunte,1
2450,gravimetrico,1
2451,colaterais,1
2452,sgundo,1
2455,hangoutssssssssssssssssssssssss,1
2457,visor,1
2458,hannah,1
2459,ajofiweojfoiewjfoiewjew,1
2460,sobria,1
2461,epocaa,1
2462,wrong,1
2464,acrescentar,1
2465,atypical,1
2466,boaaaaaaaa,1
2467,senhorrr,1
2468,servidores,1
2469,direta,1
2470,segurasse,1
2471,digamos,1
2474,enquete,1
2475,lembrooooo,1
2476,extudar,1
2477,break,1
2478,verticaissss,1
2479,pensava,1
2480,sobra,1
2481,tendencia,1
2482,compro,1
2483,dependente,1
2484,hahaha,1
2485,odeeeeeeeeeeeeeio,1
2486,lavem,1
2487,estarem,1
2488,endless,1
2489,permitido,1
2490,massaaaaa,1
2492,fodido,1
2493,capetaaaaaa,1
2494,processamento,1
2495,laura,1
2496,embarcar,1
2497,mahhhhhhh,1
2498,saudadeeeeeeeeee,1
2499,caldas,1
2500,navinha,1
2501,estampa,1
2502,rsrsrsrs,1
2503,renomado,1
2504,miguxs,1
2505,faceis,1
2506,opcoes,1
2507,testar,1
2508,curva,1
2509,saudade,1
2511,rsrsr,1
2512,falou,1
2513,manifeste,1
2514,nowthisnews,1
2516,desapareceu,1
2517,eduuuu,1
2519,acaso,1
2520,reagir,1
2521,datas,1
2522,fodas,1
2523,cordei,1
2524,corrijo,1
2525,segundo,1
2526,brimks,1
2527,atualizei,1
2529,carambaaaaaaaaaaa,1
2530,postar,1
2531,falam,1
2532,raivaaaa,1
2533,continuem,1
2534,recusado,1
2535,caprica,1
2536,sociedade,1
2537,namoradim,1
2538,selecao,1
2539,eventos,1
2541,feriasssss,1
2542,horinhas,1
2543,flexao,1
2544,minas,1
2545,repensando,1
2546,magra,1
2547,declaradamente,1
2548,processos,1
2549,aeroespacial,1
2550,cheirando,1
2551,dormirbjbsjbsjbsjbsj,1
2552,menstruacao,1
2553,iaaaaaaaaaaaaaaaal,1
2554,muuuuuuito,1
2557,bulls,1
2558,10h30,1
2559,aprovacao,1
2560,acabada,1
2561,perguntinha,1
2562,ajoelhar,1
2563,focca,1
2564,lucycantdance,1
2565,precisou,1
2566,propagacao,1
2567,pitaco,1
2568,internacional,1
2569,arrancando,1
2571,mineralogiaaaaaaaaaaaaaaaaaaaaaa,1
2572,verde,1
2573,crescer,1
2574,quais,1
2575,aguardo,1
2576,constava,1
2577,distancia,1
2578,razao,1
2579,habibi,1
2581,representando,1
2582,formas,1
2583,figuras,1
2585,exame,1
2586,resulta,1
2587,funcionando,1
2589,carboidrato,1
2590,exagerar,1
2591,trabalhandooooooo,1
2592,orgulho,1
2593,atentos,1
2594,morrerei,1
2595,sofridas,1
2597,poderei,1
2598,justo,1
2599,conserta,1
2601,chamou,1
2602,kellen,1
2603,tilte,1
2604,outubro,1
2606,termica,1
2608,medico,1
2609,comentam,1
2610,paaah,1
2611,aparecesse,1
2612,travesseiros,1
2613,pavoroso,1
2614,canetinha,1
2615,terminado,1
2616,frita,1
2617,obriga,1
2618,barco,1
2619,makes,1
2620,respondem,1
2621,necessidade,1
2622,esportiva,1
2624,fazenda,1
2625,pendulo,1
2627,convencendo,1
2629,nenecos,1
2630,combinar,1
2632,pitangas,1
2633,cards,1
2634,conservativas,1
2636,freiar,1
2637,cresceporra,1
2639,prima,1
2640,chegaa,1
2641,gabaritei,1
2643,8tracks,1
2644,franca,1
2645,geoestatistica,1
2646,minhaaaaaaaa,1
2647,galinheiro,1
2648,metodosmatematicos,1
2649,certinho,1
2650,parecia,1
2651,dormirrrrrrrrrr,1
2652,comecamos,1
2653,prospeccao,1
2654,recorrer,1
2655,canada,1
2656,feminina,1
2657,focados,1
2658,darei,1
2659,mindblowingggggg,1
2660,roupinha,1
2661,vetorizar,1
2662,acabaaaa,1
2663,favor,1
2664,avanco,1
2665,banana,1
2666,vicio,1
2667,taxasssss,1
2668,batida,1
2670,questaozinha,1
2671,sequestrada,1
2672,gabrielaaaa,1
2673,calminha,1
2674,defesa,1
2675,lapiseira,1
2677,devidamente,1
2678,aprovado,1
2679,procrastinando,1
2680,lixaooooo,1
2681,recebo,1
2682,armacao,1
2683,compartilhra,1
2684,quesito,1
2685,fodida,1
2686,china,1
2687,xonar,1
2688,falecimento,1
2689,sabados,1
2692,direitos,1
2693,chinelo,1
2694,flwww,1
2695,crovis,1
2696,acordasse,1
2697,toquei,1
2698,possiveis,1
2699,seguraaaaaaaa,1
2700,cidade,1
2701,vegetal,1
2702,irritada,1
2703,panos,1
2704,certas,1
2705,morro,1
2706,realizadissima,1
2707,piscando,1
2709,chegouuuuu,1
2710,lixoooooo,1
2711,valorizar,1
2712,mijona,1
2713,tregua,1
2714,morto,1
2715,escolheu,1
2717,sobrevive,1
2718,voltandoooooo,1
2719,fosca,1
2720,simulado,1
2721,desapego,1
2722,genteeeee,1
2724,viadagem,1
2725,espelho,1
2726,1000x,1
2727,impedirem,1
2728,ahahha,1
2730,avisou,1
2731,tequila,1
2732,informar,1
2733,cordinha,1
2734,diaaaaaa,1
2735,virjoes,1
2736,comemos,1
2737,milenios,1
2738,imagem,1
2739,fisicaaaaaaa,1
2740,sismicidade,1
2742,apertar,1
2743,fingers,1
2744,fisica1,1
2746,socao,1
2747,yesss,1
2748,sapatilha,1
2750,conseguido,1
2752,carregar,1
2755,passada,1
2756,provincias,1
2757,rezando,1
2758,babaca,1
2759,twoooooooooooo,1
2760,pezim,1
2761,pagava,1
2762,altissima,1
2763,decathlon,1
2764,envia,1
2765,floyd,1
2766,mareats,1
2768,colacao,1
2769,forever,1
2770,johnnies,1
2772,gritando,1
2773,identificar,1
2774,bunitinha,1
2775,plotefa,1
2777,comidas,1
2778,asleep,1
2779,friozinho,1
2780,agueeeento,1
2781,sonoooooooooooo,1
2782,vendidos,1
2784,aquisicao,1
2785,lanchesgif,1
2786,azimute,1
2787,bimestres,1
2788,quadrado,1
2789,cocando,1
2790,carta,1
2791,hojee,1
2792,lucro,1
2793,tarados,1
2794,regularmente,1
2796,sigma,1
2797,tattoos,1
2798,interessa,1
2799,amooo,1
2800,marcam,1
2801,nuvens,1
2802,aquelas,1
2804,kakaka,1
2806,upside,1
2807,limpos,1
2808,artigooo,1
2809,opaaaaa,1
2810,rainha,1
2811,aparecido,1
2812,xeroqui,1
2813,desfrutando,1
2814,estourando,1
2815,loucaaaaaaaaaaaaa,1
2816,imaginando,1
2817,influencia,1
2818,crescidos,1
2820,forcaaaaaaaaaaaaaaaaaaaaaaaaaaaa,1
2821,genteeeeee,1
2822,cuuuuu,1
2823,maroto,1
2824,voluntariassssssss,1
2825,passagens,1
2826,prontooooooooo,1
2827,engracada,1
2828,cagou,1
2830,prejuizo,1
2831,aaaaaaaaaaaaaaaaaaaaaaaaaaaaaaa,1
2832,olhos,1
2833,minutosssssssssssssssssssssssssssssssssssssssssssssssssssssss,1
2834,neutras,1
2835,formata,1
2836,maldade,1
2837,superar,1
2838,quebro,1
2839,swift,1
2841,churros,1
2842,deslizar,1
2843,triangulares,1
2844,temas,1
2845,prejudicado,1
2846,falado,1
2847,mimgif,1
2848,inacreditavel,1
2849,blowing,1
2850,lavasse,1
2851,velas,1
2852,proximos,1
2853,rezar,1
2854,sinistro,1
2855,donnie,1
2856,engordar,1
2857,pequena,1
2858,furou,1
2859,regina,1
2860,acabava,1
2861,multisim,1
2862,bando,1
2863,estreia,1
2864,09h30,1
2865,starbucks,1
2866,canticos,1
2869,killers,1
2871,lisonjeada,1
2873,cianita,1
2874,complicadas,1
2875,lyndas,1
2876,ficarao,1
2877,dinheirinhos,1
2878,bolinhas,1
2879,ignorancia,1
2880,pertinho,1
2882,publipost,1
2883,paradas,1
2884,armariaaaaaaa,1
2885,encher,1
2886,brincoes,1
2887,rocas,1
2888,edificio,1
2889,recebe,1
2890,tabua,1
2891,chorosa,1
2892,poder,1
2893,procrastinar,1
2895,maoexe,1
2896,ruins,1
2898,jogaaaa,1
2899,heheheheheh,1
2900,quint,1
2902,spoleto,1
2904,bebedouros,1
2905,empresas,1
2906,cedinho,1
2907,taylor,1
2908,desisti,1
2909,conhecia,1
2910,metro,1
2911,desertos,1
2912,apologia,1
2913,gordos,1
2914,gritei,1
2915,adiossssss,1
2916,arrombado,1
2917,dailus,1
2918,tracta,1
2919,reavaliando,1
2920,futura,1
2921,desejou,1
2922,uhuuuuuuuu,1
2923,maior,1
2924,diversos,1
2925,funcionam,1
2926,esperancosa,1
2927,pesado,1
2928,aproximadamente,1
2929,curtam,1
2930,cedilha,1
2931,tacar,1
2933,mercendo,1
2934,ferdinand,1
2935,jajajaja,1
2936,criatura,1
2937,prontinho,1
2938,bundao,1
2939,programar,1
2940,ajudando,1
2941,suspiro,1
2942,adoecido,1
2943,mestradinho,1
2944,tempao,1
2945,conhecerr,1
2946,sonora,1
2948,matheus,1
2949,cobre,1
2950,esportes,1
2951,tristinha,1
2952,logaritmo,1
2953,serao,1
2954,informada,1
2955,usarem,1
2956,marqu,1
2957,naoooooo,1
2958,coloridas,1
2959,dorme,1
2961,aaaaaaaaah,1
2962,exatas,1
2964,tompero,1
2965,ahahahhahahahahahhaah,1
2966,viciada,1
2967,matar,1
2968,essentials,1
2969,nuclear,1
2970,hidratou,1
2971,distraido,1
2972,demaquilante,1
2973,baterem,1
2974,percebo,1
2975,colisoes,1
2976,rejeita,1
2977,daqueles,1
2978,tatuagem,1
2981,qualidade,1
2982,membro,1
2984,fausto,1
2985,resolvo,1
2986,quieta,1
2988,continua,1
2989,conhecida,1
2991,lindooooooooooooooo,1
2992,matador,1
2993,parto,1
2994,buraco,1
2995,traseiras,1
2996,anything,1
2998,matematicos,1
2999,enviaram,1
3000,especificou,1
3002,oleosa,1
3003,plastico,1
3004,merecemos,1
3005,adiciona,1
3006,positiva,1
3007,brotherrrrrrrrr,1
3008,milagrosamente,1
3009,deuuuuuuuuuuuuuuuu,1
3010,sorveteria,1
3011,planejamento,1
3012,chamem,1
3013,fogooooooo,1
3014,motorista,1
3015,asics,1
3016,padaria,1
3018,desempregada,1
3019,vamoooooo,1
3020,juaneiro,1
3021,empinando,1
3022,acaabaaaaaaaam,1
3023,disposicao,1
3024,listinha,1
3025,reabre,1
3026,repeticoes,1
3027,tralhas,1
3028,durmam,1
3030,estaciono,1
3031,publicar,1
3032,bracinho,1
3033,gordura,1
3034,jacobiano,1
3036,sensual,1
3037,kkkkkkkkkkkkkkkkkkkkkkkkkk,1
3038,feeeeeeeeeerias,1
3039,preocupacao,1
3040,shortinho,1
3041,cumprir,1
3042,agradece,1
3043,reconhecida,1
3044,respondeu,1
3046,preocupadissima,1
3047,temporada,1
3048,parque,1
3049,memoria,1
3050,porrrrrrra,1
3051,desenvolvimento,1
3052,trabalhei,1
3053,iradissimo,1
3054,salva,1
3055,aguarde,1
3056,teoria,1
3058,facilidade,1
3059,inflamacao,1
3060,acontecer,1
3061,consciencia,1
3062,presidencia,1
3063,geniaaaaaaaal,1
3064,preparados,1
3065,sacao,1
3066,contrata,1
3067,preparada,1
3068,secou,1
3069,acredite,1
3070,amorzimmmm,1
3071,maree,1
3073,despencar,1
3074,inimigo,1
3075,logoooooo,1
3076,esqueca,1
3077,engoli,1
3078,chrga,1
3079,revolta,1
3081,cafeina,1
3082,major,1
3083,chupaaaaaaaaaaaaaaaaaaaaaaaaaaaaaaaaaaaaaaaaaaaaaaaaaaaaaaaaaaaaaaaaaaaaaa,1
3084,confirmando,1
3085,acostumei,1
3086,colocassem,1
3087,pochete,1
3088,bloqueia,1
3089,casar,1
3090,importasse,1
3091,solimoes,1
3092,ousadia,1
3094,resposta,1
3095,feriado,1
3096,gabsssssss,1
3097,cobrar,1
3098,impediu,1
3099,recuperada,1
3100,ligacao,1
3101,mestradoooo,1
3102,vivara,1
3103,diaba,1
3104,virado,1
3105,assuntos,1
3106,estranha,1
3107,original,1
3108,bixinho,1
3109,cineminha,1
3110,acoustics,1
3112,curtindo,1
3113,oscilacao,1
3114,amada,1
3115,poster,1
3116,necessarie,1
3117,velhinha,1
3118,coreano,1
3119,centopeia,1
3120,cassio,1
3121,trato,1
3122,iniciar,1
3123,dalhe,1
3124,sobrecarrega,1
3125,morrida,1
3126,defendendo,1
3127,torto,1
3128,libera,1
3129,oficialmente,1
3130,motoqueiro,1
3131,deram,1
3132,monografia,1
3133,melhorrrrrrr,1
3134,voando,1
3135,calma,1
3136,drinking,1
3137,gineyom,1
3139,inicio,1
3140,ultimas,1
3141,desmaiar,1
3142,filhaaaaa,1
3143,filhinha,1
3144,descascando,1
3145,piercing,1
3146,nasceuu,1
3147,alerta,1
3148,comprariam,1
3149,parecer,1
3150,marlindo,1
3152,lutar,1
3153,consegueeeeeee,1
3154,abandonar,1
3155,cream,1
3156,irritava,1
3157,stages,1
3158,expansoes,1
3159,jogou,1
3160,ready,1
3161,gritar,1
3162,atualizadinho,1
3163,sequestrado,1
3164,convite,1
3165,inveja,1
3166,cabelossssssssss,1
3167,juntas,1
3168,intraplaca,1
3169,sonhar,1
3170,barulho,1
3171,deitou,1
3172,detalhe,1
3173,registrado,1
3174,guardando,1
3175,fluviais,1
3176,batendo,1
3177,boaaaaaa,1
3178,estudarei,1
3179,trazendo,1
3181,estresse,1
3182,sobretudo,1
3183,trata,1
3184,artificio,1
3185,pedirem,1
3186,cansaco,1
3188,trigo,1
3189,toscana,1
3192,realizados,1
3193,premio,1
3195,trincado,1
3196,chora,1
3198,grego,1
3199,zuando,1
3201,fingindo,1
3202,responsavel,1
3203,counting,1
3205,roxos,1
3207,chateadissima,1
3209,caiam,1
3210,infelizmente,1
3211,espaco,1
3212,zamigos,1
3213,tudoooo,1
3214,brutus,1
3215,fofinhas,1
3216,legendas,1
3217,paulada,1
3218,matias,1
3220,palas,1
3221,troquei,1
3222,desfaz,1
3223,rolasse,1
3224,gotica,1
3225,desligar,1
3226,homem,1
3227,falto,1
3228,desistam,1
3229,geometria,1
3231,forninho,1
3232,desperdicando,1
3233,jeitinho,1
3235,interpolando,1
3236,agraciar,1
3237,pequeninha,1
3238,liguem,1
3239,respectivos,1
3240,otimas,1
3241,admito,1
3242,carrinho,1
3243,nadaa,1
3244,geologos,1
3245,gossip,1
3246,yalla,1
3247,descarregou,1
3248,treco,1
3249,sonha,1
3251,mindddddddddddddddddddd,1
3252,pqppppp,1
3253,perguntando,1
3254,velvet,1
3255,tenue,1
3256,anemica,1
3257,borracha,1
3258,chips,1
3259,aehuiahuaeh,1
3261,balls,1
3263,passagem,1
3264,aproveitou,1
3265,telefone,1
3266,desgrace,1
3268,motivada,1
3269,seguida,1
3270,subway,1
3271,desmontasse,1
3272,revisando,1
3273,respeito,1
3275,direcao,1
3276,ligarem,1
3277,atraso,1
3278,infernal,1
3280,virarei,1
3281,limpando,1
3282,postou,1
3283,ibuprofeno,1
3284,multiprocessador,1
3285,silencioso,1
3286,moodles,1
3287,favorrrrrrr,1
3288,lasquei,1
3289,refresco,1
3290,agradar,1
3291,gilson,1
3292,mimmmm,1
3293,precisao,1
3294,heheheh,1
3295,decretado,1
3297,amigosssssss,1
3298,acabammmmmmmmmm,1
3299,entregue,1
3300,dores,1
3302,sente,1
3303,armariaaa,1
3304,kkkkkkkkkkkkkkkkkkkkkkkkkkkkkkkkkkkkkkkkkkkkkkkkkkkkkkkkkkkkkkkkkkkkkkkkkkkkkkkkkkkkkkkkkkkkkkkkkkkkkkkkkkkkkkkkkkkkkkkkkkk,1
3305,prateleiras,1
3306,geophysics,1
3307,diria,1
3308,frances,1
3309,amendoim,1
3310,trabalho,1
3313,zzzzzzzzzzzzzzzzzzzzzzzzzzzzzzzzzzzzzzzz,1
3314,exausta,1
3315,ohman,1
3316,biotherm,1
3317,vemmmm,1
3318,corto,1
3319,fundamentacao,1
3320,cuuuuuuuuuuuuuuuuuuuu,1
3321,ajudo,1
3322,nornal,1
3323,comunicacao,1
3324,piroca,1
3325,ignorando,1
3326,buscar,1
3327,science,1
3328,notass,1
3329,milao,1
3330,resolvam,1
3331,limpar,1
3332,100zao,1
3333,atropela,1
3334,durou,1
3335,votando,1
3336,lasanha,1
3337,nutri,1
3338,questionarios,1
3340,dentro,1
3342,seletivo,1
3343,pausado,1
3344,bichinha,1
3345,adquiriu,1
3346,ebaaa,1
3347,brinquedinhos,1
3350,eficiente,1
3351,desmaiei,1
3352,memorizacao,1
3353,relogio,1
3354,conforme,1
3355,monange,1
3356,finde,1
3357,feitinho,1
3358,passageiros,1
3359,demonstracao,1
3360,decepcionar,1
3361,abandonado,1
3364,plataforma,1
3365,corrida,1
3366,definitivamente,1
3368,folgado,1
3369,shuffle,1
3370,menos,1
3371,coursera,1
3373,hahahahhahahahaha,1
3374,tentamos,1
3375,parabenessss,1
3376,interno,1
3379,ahasa,1
3380,cresci,1
3381,indeferiu,1
3382,lixos,1
3383,pretas,1
3384,agendas,1
3385,sueter,1
3386,enrola,1
3387,funcional,1
3388,expandidos,1
3390,mestradoari,1
3391,beneficios,1
3392,respeitar,1
3393,tenha,1
3394,acompanhando,1
3395,rolezinho,1
3397,maraivlhoso,1
3399,impaciencia,1
3401,triscar,1
3402,conseguiria,1
3403,caralhoooooooooo,1
3404,utero,1
3405,produtos,1
3406,cabecinha,1
3407,loucaaaa,1
3408,vamossss,1
3410,aaaaaaaaaaaaaaaaaaaa,1
3411,demorou,1
3412,twittam,1
3413,bonitinho,1
3414,chapinha,1
3415,consig,1
3416,conversas,1
3417,ahazamos,1
3418,pulso,1
3419,conversa,1
3420,otima,1
3421,esperada,1
3422,peres,1
3423,seriamente,1
3424,chgar,1
3425,desmontei,1
3426,colabora,1
3427,piora,1
3429,resgatado,1
3430,animando,1
3431,design,1
3432,milagres,1
3433,cancelamento,1
3434,formei,1
3435,piranha,1
3436,tecnologias,1
3437,transilvania,1
3438,essas,1
3439,envolva,1
3440,hehehehehe,1
3441,souber,1
3442,semaninha,1
3444,entende,1
3445,pagamento,1
3446,adiada,1
3447,crossed,1
3448,lendas,1
3449,turquetti,1
3450,drink,1
3451,emagrecidinha,1
3452,utilidade,1
3453,meter,1
3454,prefere,1
3455,tomare,1
3456,perola,1
3457,identificados,1
3458,termal,1
3459,textao,1
3460,reclamacao,1
3461,acontecimentos,1
3462,airfryer,1
3463,derrubar,1
3464,school,1
3465,gostam,1
3467,interessante,1
3468,milho,1
3469,caraaaaaaaaaai,1
3470,rafinhaaa,1
3472,kirido,1
3473,checked,1
3474,acabaria,1
3476,recusar,1
3477,suando,1
3478,falarem,1
3479,arial,1
3480,infernizar,1
3481,clinica,1
3482,estudarrrrrrrrrrr,1
3483,vamoooo,1
3485,calculozzzzzzz,1
3486,14h30,1
3487,substitutiva,1
3488,demonstro,1
3489,aceitar,1
3490,hangout,1
3492,goodvibes,1
3493,maldades,1
3494,dormirrrr,1
3495,simmmmmmmm,1
3496,equipamentos,1
3497,desencontrando,1
3499,presentinho,1
3500,kettlebell,1
3501,acompanha,1
3502,celula,1
3503,mudarem,1
3504,salvador,1
3505,violao,1
3506,habilita,1
3507,ahasei,1
3508,bolinha,1
3509,lugar,1
3510,pqppp,1
3511,inifinitos,1
3512,comecarei,1
3513,vomitar,1
3514,correcoes,1
3515,cortei,1
3516,amazonasssss,1
3517,obrigar,1
3518,perdida,1
3519,organizada,1
3520,chapaaaar,1
3521,puuuuuuuuuuuuuuuuuta,1
3522,compressao,1
3523,necessario,1
3524,aaaaaaaaaaaaaaaaaaaaaaaaaaa,1
3525,igrejinha,1
3526,limpinha,1
3527,execucao,1
3528,comentarios,1
3529,melhoras,1
3530,diuzinho,1
3531,rigida,1
3532,clipes,1
3533,viajando,1
3534,sacanear,1
3535,glorificando,1
3536,marcando,1
3537,society,1
3538,aterrorizar,1
3540,enjoa,1
3541,sismologia,1
3542,minhas,1
3543,treininhos,1
3544,bezetacil,1
3545,carrapatos,1
3547,logico,1
3548,proporcionar,1
3549,pensamento,1
3550,remedio,1
3551,festas,1
3552,blazer,1
3554,laplace,1
3555,estipulei,1
3556,comecava,1
3557,fossa,1
3558,minuto,1
3559,brutal,1
3560,integrar,1
3561,guilherme,1
3562,engavetada,1
3563,careca,1
3564,paciente,1
3565,300tinhos,1
3566,capes,1
3567,monitor,1
3568,matricular,1
3569,mandei,1
3570,guarda,1
3571,nenhum,1
3572,nomes,1
3574,bbzao,1
3575,tanta,1
3576,monstrinho,1
3577,simmmmmm,1
3578,quaisss,1
3580,cuzaoooooo,1
3581,uhuuuuuuuuuuuuuu,1
3582,infantil,1
3583,gasol,1
3584,portugues,1
3585,beeeeeerroo,1
3586,recepcao,1
3587,aposentado,1
3588,arcgissssssssssssssssssssss,1
3589,trabalharrr,1
3590,kkkkkkkkkkkkkkkk,1
3591,stuck,1
3592,discografia,1
3593,laranja,1
3594,xonei,1
3595,rodando,1
3596,unidade,1
3597,belezinha,1
3598,analisando,1
3599,nomezinho,1
3600,cacar,1
3602,sacos,1
3603,catioro,1
3604,tagarela,1
3605,satisfeita,1
3607,housewives,1
3608,casaco,1
3609,expandido,1
3610,aeuiheihaeiuh,1
3612,rapida,1
3613,mesossauro,1
3614,calourosssssss,1
3615,facadas,1
3617,akeli,1
3618,tarado,1
3619,sumir,1
3620,doacao,1
3621,lentos,1
3622,espontaneo,1
3623,seguinte,1
3624,precisava,1
3626,lavado,1
3627,cabooooooooo,1
3628,desconheco,1
3630,sozinhas,1
3631,alias,1
3632,oceanos,1
3633,citando,1
3634,ignoram,1
3635,misterio,1
3636,pensou,1
3637,thats,1
3638,recalcada,1
3639,baladas,1
3640,times,1
3641,perguntaram,1
3642,arrochada,1
3644,opera,1
3645,tbbbbbb,1
3646,catar,1
3647,maozinha,1
3648,corpinho,1
3649,presentes,1
3650,koloss,1
3651,rente,1
3652,pendrive,1
3653,desapega,1
3654,esmalte,1
3655,amarelas,1
3656,atrapalham,1
3657,sentei,1
3658,pretendem,1
3659,filme,1
3660,rsrsrsr,1
3661,multifeixee,1
3662,adiadoooooo,1
3663,imbecil,1
3665,guarulhos,1
3666,bastasse,1
3667,devastada,1
3668,molecula,1
3669,alheia,1
3670,figurante,1
3671,textoes,1
3672,extraindo,1
3673,patrao,1
3674,otario,1
3675,oxigenio,1
3676,visita,1
3677,dormirrrrrrrrr,1
3678,apostila,1
3679,geofisicaaa,1
3681,ceeeeeeeeeeeeeeeeu,1
3682,kellcio,1
3683,beyonce,1
3684,hjjjjj,1
3687,facetimes,1
3688,odeiooo,1
3689,joguei,1
3692,seguimos,1
3693,livrinho,1
3694,animos,1
3695,adorou,1
3696,aaaaaaaaaaaaaaaaaaaaa,1
3697,serto,1
3698,esses,1
3699,fotografo,1
3700,merdaaaaaa,1
3701,kakakakakakaka,1
3703,gordinhas,1
3704,terminarei,1
3705,atualizem,1
3706,comprax,1
3707,gravida,1
3708,piriguete,1
3709,elogiada,1
3714,alooooooo,1
3715,admiravel,1
3716,estressada,1
3718,sirenes,1
3719,produtiva,1
3720,caralhoo,1
3722,outback,1
3724,enormes,1
3725,tripa,1
3726,nomoretea,1
3727,escreveu,1
3728,sorriso,1
3729,ss2s2s2s2s2,1
3730,exatamente,1
3732,deussss,1
3733,pesquisadora,1
3734,amanda,1
3735,pirulitos,1
3737,inventasse,1
3738,fashion,1
3739,cumulo,1
3740,visualizar,1
3741,acontecem,1
3743,fofoca,1
3744,comic,1
3745,conhecer,1
3746,cheeeeio,1
3747,folhas,1
3748,furar,1
3749,saturada,1
3750,abandonou,1
3751,count,1
3752,turner,1
3753,escolhi,1
3754,diziam,1
3755,darko,1
3756,supervisionado,1
3757,exageros,1
3758,gloriaaaaaaaa,1
3759,pombo,1
3761,deusssssssssssssssssssss,1
3763,absolutamente,1
3764,cientificos,1
3765,todas,1
3766,astrofisica,1
3767,consumindo,1
3768,loira,1
3769,melhorava,1
3770,ombros,1
3772,inventada,1
3773,gratis,1
3774,decidido,1
3775,aaaaaaaa,1
3777,aehiuaeae,1
3778,afetaram,1
3779,invento,1
3780,amigaaaaaaaaaa,1
3782,umzinho,1
3783,calouroooooooooooooo,1
3784,valer,1
3785,bitch,1
3787,deita,1
3788,adulta,1
3789,vamossssssss,1
3790,ginetommmmmm,1
3791,beady,1
3792,glooooriaaaaa,1
3794,rodoviaria,1
3795,impacientemente,1
3796,aaaaaaaaaaaaaaaa,1
3797,tamanha,1
3799,cumpridas,1
3800,sandy,1
3801,estoy,1
3804,comemoracao,1
3805,deusssssssssss,1
3807,tapioca,1
3808,patinacao,1
3809,desabar,1
3810,cartucho,1
3812,assaltante,1
3813,moradores,1
3814,chegooooouu,1
3815,injusto,1
3816,tbbbb,1
3817,inferno,1
3818,desculpas,1
3819,surte,1
3820,topografa,1
3821,totalmente,1
3822,reitora,1
3823,aplicativo,1
3824,obrigados,1
3825,disquinhos,1
3826,aaaaaaaaaaaaaaaaa,1
3827,imaginei,1
3828,esgotado,1
3829,percebe,1
3830,porcentagem,1
3831,participei,1
3832,lindooooooooooooooooo,1
3833,sosss,1
3835,colecao,1
3836,marieats,1
3837,massas,1
3839,estudante,1
3840,serieeeeesssss,1
3841,lucasladeiradf,1
3842,servir,1
3843,novidade,1
3844,caras,1
3845,thomas,1
3846,vegetarianismo,1
3847,ridiculo,1
3848,matei,1
3849,atras,1
3850,massssss,1
3851,domir,1
3852,frida,1
3853,humorada,1
3854,incomodam,1
3855,taise,1
3856,esfaqueia,1
3857,guardou,1
3858,raposinha,1
3859,rsrsrsrsrsrsrsrsrsrsrsrsrs,1
3860,lombar,1
3861,cansooooooooooo,1
3863,rugrats,1
3864,feeeeeerias,1
3865,colorado,1
3866,mesmoo,1
3867,agenda,1
3868,recuso,1
3869,designada,1
3870,estagiaria,1
3871,rapidao,1
3872,thomass,1
3873,cuscuzeira,1
3874,cuide,1
3875,mainstream,1
3877,pixies,1
3878,caraaaaaaaaaaaaaaaaaaaaaaaai,1
3879,radiacao,1
3880,barata,1
3882,lipbalm,1
3883,segredosam,1
3884,invadiram,1
3885,kkkkkkkkkkkkkkkkkkkkkkkkkkkkk,1
3886,deusssssss,1
3887,vanguart,1
3888,moodleeeeeee,1
3890,rsrrsrs,1
3891,chorado,1
3892,digitar,1
3894,minhaaaaaaaaa,1
3895,disso,1
3896,amazonax,1
3897,vemnimim,1
3898,frisbeezinho,1
3899,girls,1
3900,inscrita,1
3901,genteeeeeeeee,1
3902,migoss,1
3903,comprava,1
3904,lembroooo,1
3906,afffff,1
3907,lindaaa,1
3908,estudarrrrrrrrrrrrrrrrrrr,1
3909,beatles,1
3910,gostava,1
3911,mariaaaaaaaaaaaa,1
3912,hilaria,1
3913,eletronicos,1
3915,detox,1
3918,pickwin,1
3921,tecnico,1
3922,roupinhas,1
3923,criar,1
3924,falava,1
3925,demandas,1
3927,chupaaa,1
3928,bolsonaro,1
3929,motivacional,1
3931,sismografica,1
3933,creme,1
3934,entenderao,1
3935,sustos,1
3936,exceto,1
3937,bastante,1
3938,london,1
3939,porras,1
3940,penteadeira,1
3941,migaaaa,1
3942,gentxi,1
3944,amore,1
3945,cantar,1
3946,princesas,1
3947,levantamentodepeso,1
3948,calada,1
3949,foder,1
3950,brincos,1
3951,minja,1
3952,presa,1
3953,embrulhado,1
3954,trigonometrica,1
3955,meninaaa,1
3956,psicologico,1
3957,annajota,1
3958,treinei,1
3959,petrologia,1
3960,levou,1
3961,torram,1
3962,tocantins,1
3963,molinos,1
3964,saporra,1
3965,comenta,1
3966,pacoquita,1
3967,facada,1
3968,pense,1
3970,atingido,1
3971,grita,1
3972,sonhada,1
3973,baratim,1
3974,ligamiira,1
3975,marsala,1
3976,caminhao,1
3977,beijos,1
3978,gebte,1
3979,dormireeee,1
3980,independentemente,1
3981,laurinea,1
3982,romes,1
3983,rolando,1
3984,vontadezinha,1
3985,irrita,1
3986,apenax,1
3987,nascer,1
3988,errar,1
3989,cinema,1
3990,precisei,1
3991,precisaria,1
3992,preparem,1
3993,peladao,1
3994,curte,1
3995,mortais,1
3996,taquari,1
3997,ibope,1
3998,ocuparem,1
4000,certeza,1
4001,impaciente,1
4002,apresentei,1
4003,rapido,1
4004,repouso,1
4005,olhado,1
4006,providenciarei,1
4008,marquem,1
4009,aceitei,1
4010,vendia,1
4011,curtidas,1
4012,incrustado,1
4013,celeron,1
4014,polarizacao,1
4015,garantido,1
4016,beats,1
4017,interminaveis,1
4018,estampada,1
4019,bigodes,1
4020,investimento,1
4021,dormidinha,1
4022,tenta,1
4023,chance,1
4024,pilha,1
4026,seguir,1
4027,posterior,1
4028,curiosa,1
4029,daora,1
4031,diagnostico,1
4032,shape,1
4033,lascados,1
4034,policia,1
4035,aoooooo,1
4036,intencao,1
4037,risadas,1
4038,revisa,1
4040,bonitas,1
4041,acorde,1
4042,bonito,1
4043,fisicaaaaa,1
4045,rodolfo,1
4046,atraves,1
4047,nemmmmmmmmmm,1
4049,estragou,1
4050,pulseira,1
4051,frequencia,1
4052,cuidadooooooooooooooooooooooooooooooooooooooooooo,1
4053,pepinos,1
4054,virus,1
4055,cuzona,1
4056,genteeeeeeee,1
4058,trouxesse,1
4059,fazerrrr,1
4060,vazio,1
4061,hehehehehheh,1
4062,simmmmmmmmmm,1
4064,crosssfitttttttttt,1
4065,precaucao,1
4067,gravar,1
4068,submetida,1
4070,cancer,1
4071,docinhos,1
4072,processadorr,1
4073,desenhista,1
4074,apresentado,1
4075,despediu,1
4076,strix,1
4077,drama,1
4078,permite,1
4079,thank,1
4080,abandonada,1
4081,cesar,1
4083,armado,1
4084,gratificante,1
4086,tesourinha,1
4087,fogos,1
4088,lesaooooo,1
4089,ansiosissssssima,1
4090,tekillas,1
4091,semestres,1
4092,trabalhoooooooo,1
4093,departamento,1
4094,torradinha,1
4095,contagem,1
4096,superam,1
4097,ordem,1
4099,bebeloooooooo,1
4100,bravos,1
4101,intrometido,1
4102,surpresa,1
4103,completar,1
4104,portaria,1
4105,eixao,1
4106,marretada,1
4107,feijao,1
4108,caraaaaaaaaaaaai,1
4109,publica,1
4110,trocam,1
4111,lembrava,1
4112,teclas,1
4113,winnnnnnnnn,1
4114,putaria,1
4115,respirou,1
4116,exemplificar,1
4118,inverno,1
4119,dilma,1
4120,morando,1
4121,aiaiai,1
4122,escanear,1
4123,oculto,1
4124,mitar,1
4125,despertadorrrr,1
4126,passeeeee,1
4127,setembro,1
4130,bonitinha,1
4131,concentrarrrrrrr,1
4132,declarando,1
4133,friends,1
4134,movel,1
4135,mexendo,1
4136,marcarei,1
4137,mooooonte,1
4138,ajoelhando,1
4139,tabata,1
4140,cheirinho,1
4141,marlinda,1
4142,particular,1
4143,demonio,1
4144,reboco,1
4147,albert,1
4148,calling,1
4149,conciliar,1
4150,respondendo,1
4151,limpeza,1
4152,combina,1
4153,levantamento,1
4154,salvou,1
4155,patinadora,1
4156,lavando,1
4157,tramontina,1
4158,infertil,1
4160,ponha,1
4161,solado,1
4163,fantasma,1
4164,assaltar,1
4165,contribui,1
4166,disciplina,1
4167,socorrooooooo,1
4168,letra,1
4169,deveres,1
4170,gentxyyyyy,1
4171,aguardam,1
4172,funny,1
4173,remember,1
4174,morreeee,1
4175,comecam,1
4176,cogitar,1
4177,chatiada,1
4178,bogota,1
4179,importar,1
4181,calcule,1
4182,placas,1
4183,elaborou,1
4184,iguatemi,1
4185,joguem,1
4186,disgracaaaagif,1
4187,singing,1
4188,nemmmm,1
4189,escada,1
4190,apoiando,1
4191,circuito,1
4192,trabaio,1
4193,sobrancelhas,1
4194,sempre,1
4195,similares,1
4196,psicotecnico,1
4197,literalmente,1
4198,arrombou,1
4199,atrapalhar,1
4200,curtir,1
4201,pediram,1
4202,tentam,1
4203,leave,1
4204,reclamarem,1
4205,descrever,1
4206,gentileza,1
4207,direct,1
4210,vento,1
4211,sonhando,1
4212,podia,1
4213,tecla,1
4215,voluntaria,1
4216,infartar,1
4217,igualzinho,1
4219,kellinha,1
4220,kkkkkkkkkkkkkkkkkk,1
4221,vacilao,1
4222,voltem,1
4223,folha,1
4224,tigela,1
4225,aparentemente,1
4226,abriu,1
4227,anticoncepcional,1
4228,aiaiaiaiai,1
4229,sacou,1
4231,prestaaaaaaaaaa,1
4232,deixou,1
4234,variar,1
4235,posteres,1
4236,posta,1
4238,atacada,1
4239,direitinho,1
4240,grimm,1
4241,membrana,1
4242,assisto,1
4243,autografada,1
4244,julio,1
4245,cientificas,1
4247,sensacionaaaaaaaaaaaal,1
4249,atrasar,1
4251,abobora,1
4254,imprimi,1
4255,mamainnowthis,1
4256,think,1
4257,aspirar,1
4258,cravos,1
4259,mandeeeeei,1
4260,sabiam,1
4262,machistas,1
4263,comparacoes,1
4264,inconveniente,1
4265,venham,1
4266,marcia,1
4268,mocassim,1
4269,cortou,1
4270,caraaaai,1
4271,estampas,1
4272,arrumadinho,1
4273,carrito,1
4274,fevereiro,1
4275,naooooooo,1
4276,aleatorias,1
4277,ricosti,1
4278,pausa,1
4279,menineeeeee,1
4280,emprego,1
4281,acreditava,1
4282,atendem,1
4283,aninho,1
4284,prega,1
4286,tchauzinho,1
4287,etapada,1
4288,colapso,1
4289,chatack,1
4290,lasca,1
4292,reason,1
4293,biologa,1
4297,zoologico,1
4298,calendario,1
4299,inunda,1
4301,eliana,1
4304,venderei,1
4305,maaaaassaaa,1
4306,cinzas,1
4307,canelas,1
4308,saisse,1
4309,infinitos,1
4311,cachorra,1
4312,sobrando,1
4313,apareceu,1
4314,lindezaa,1
4316,conseguirem,1
4317,braba,1
4318,chorem,1
4319,embasbacado,1
4320,vendesse,1
4321,representada,1
4322,empregando,1
4323,insuportavel,1
4324,tomarei,1
4325,tabelas,1
4326,aeaeaeaee,1
4327,tendendo,1
4328,terminei,1
4329,catando,1
4330,doutora,1
4331,capetaaaaaaaaaaaaaaa,1
4332,maisssss,1
4333,cristais,1
4334,promissor,1
4335,caracteres,1
4336,rendimento,1
4337,morre,1
4338,recusou,1
4339,cabecas,1
4340,preferido,1
4341,mundial,1
4342,comprimidos,1
4343,aiaiaiaia,1
4344,ofertarem,1
4345,pratica,1
4346,todayyyy,1
4347,precupar,1
4348,amandacmpl,1
4349,morning,1
4350,malevola,1
4351,transitam,1
4353,sensacionais,1
4354,praticas,1
4356,procurar,1
4357,gostosas,1
4359,desmontada,1
4360,verdade,1
4361,pepino,1
4362,avestruz,1
4363,cabritada,1
4364,cochilar,1
4365,gramatica,1
4366,descendo,1
4368,welitommmmm,1
4369,direto,1
4370,apaixonar,1
4371,arrancar,1
4372,veneno,1
4373,deitando,1
4374,junina,1
4375,anuidade,1
4377,vamoooooooooo,1
4378,calcas,1
4379,cafis,1
4380,deitada,1
4381,menosprezando,1
4382,formandos,1
4383,decepcionando,1
4384,excluir,1
4385,apelei,1
4386,recuperar,1
4387,ouvido,1
4388,calculadora,1
4389,comparecera,1
4390,coverzinho,1
4391,perfeicaaaaaaaaaaaaaaaaaaao,1
4392,sliders,1
4393,cilios,1
4394,uberrrr,1
4395,maratona,1
4396,farei,1
4398,ultimamente,1
4399,resumiu,1
4400,squad,1
4401,winnnnn,1
4403,mamai,1
4404,haeuiaehiuheaiuehiuahiaueheieuhieuhieuahieuhieuheiuiehie,1
4406,assustei,1
4407,ocorrer,1
4408,pontinho,1
4409,joelhos,1
4410,velha,1
4411,osmose,1
4412,angustiada,1
4413,recaidas,1
4414,tweets,1
4415,casita,1
4416,caraaaaaaaaaaaaaaaaalho,1
4417,veicular,1
4418,garanto,1
4419,carteirinha,1
4420,cratons,1
4421,cursos,1
4422,dancando,1
4423,vaguinhas,1
4424,sogra,1
4425,esforce,1
4426,ritmo,1
4428,recado,1
4429,goias,1
4430,hibisco,1
4431,compre,1
4432,cuuuuuu,1
4433,apartamento,1
4434,dicas,1
4435,poderia,1
4436,paint,1
4437,trabalhoso,1
4438,estudarrrr,1
4439,fofissima0,1
4440,zzzzzz,1
4441,rodei,1
4442,anyway,1
4443,altas,1
4444,comigoooooooo,1
4445,fr3n3t1c0,1
4448,cabelos,1
4450,novinhas,1
4451,natalia,1
4452,anunciada,1
4453,fabim,1
4454,informacao,1
4455,mission,1
4456,tempinho,1
4457,aleluiaaaa,1
4458,agradeco,1
4459,pregadissima,1
4460,judiaram,1
4461,atendente,1
4462,avisar,1
4464,babibch,1
4465,novoooooo,1
4466,fofinhos,1
4467,chico,1
4468,morreu,1
4470,vagas,1
4472,granulo,1
4474,negativei,1
4475,direcionado,1
4476,ahhaha,1
4477,pentel,1
4478,proic,1
4479,20h30,1
4480,rapaaaaaaaaaaaaz,1
4482,esticadas,1
4483,cosmicos,1
4484,pacocas,1
4485,negociar,1
4486,selvagem,1
4487,estressante,1
4488,incompetente,1
4491,venda,1
4492,resumida,1
4493,documento,1
4494,responsabilidade,1
4495,empregada,1
4496,contados,1
4497,identifica,1
4498,destravar,1
4499,feedback,1
4500,atleta,1
4502,neasa,1
4503,definida,1
4504,marcadores,1
4507,pegal,1
4508,safada,1
4509,situa,1
4510,parou,1
4511,outra,1
4512,kirida,1
4513,paimorim,1
4514,inventa,1
4515,substituicao,1
4516,definido,1
4517,previsao,1
4518,quebrei,1
4519,discussao,1
4520,dobra,1
4521,feriasssssssssss,1
4522,boxxxxxxxxx,1
4523,estamos,1
4524,surge,1
4526,tranca,1
4527,estranho,1
4528,ondas,1
4529,packing,1
4530,demaisssssssss,1
4532,shampoo,1
4533,nammmm,1
4534,resgatei,1
4536,plisi,1
4537,diaaa,1
4538,argamassa,1
4539,files,1
4540,jeitos,1
4541,acostuma,1
4544,colchao,1
4545,morri,1
4547,tarde,1
4548,toddy,1
4549,intel,1
4550,gloria,1
4551,tentar,1
4552,esconde,1
4554,barney,1
4555,cacete,1
4556,apagando,1
4558,iedinha,1
4560,zzzzzzzzzzzzzzzzz,1
4561,unificada,1
4562,parca,1
4563,nhoque,1
4564,fossil,1
4565,himym,1
4567,assistindo,1
4568,evernto,1
4569,apesar,1
4570,cabaco,1
4572,sobreviveu,1
4573,haaaaaaa,1
4574,poderrrrrrrr,1
4575,rendendo,1
4576,ehhehehe,1
4577,combinarmos,1
4578,pegou,1
4579,zerei,1
4580,parceiras,1
4582,lamina,1
4583,construiram,1
4584,forcassss,1
4585,odiar,1
4587,samjovana,1
4588,instituto,1
4590,kitkat,1
4591,fresno,1
4592,iniciacoes,1
4593,nosso,1
4594,adail,1
4595,instalar,1
4596,euclides,1
4597,estrutural,1
4599,estrangeiro,1
4600,antigo,1
4601,laboratorio,1
4602,configura,1
4603,uhuuu,1
4604,ouvidos,1
4606,pilantra,1
4608,ihaaaaaaaaa,1
4609,windows,1
4610,assombra,1
4611,oooootimo,1
4612,apanhar,1
4613,cortarei,1
4614,amigoss,1
4615,nonnas,1
4616,garantir,1
4617,topava,1
4618,adequada,1
4619,artistica,1
4620,maquiadora,1
4621,maneirar,1
4622,casquinha,1
4623,cuuuuuuuuuuuu,1
4625,caixinha,1
4626,apresentar,1
4627,babies,1
4628,falir,1
4629,figura,1
4630,creditos,1
4631,bolsas,1
4632,espanhol,1
4633,suposta,1
4634,voltaaaaaaaaaaaa,1
4636,disseram,1
4638,digam,1
4639,minddddd,1
4640,aprovou,1
4641,cancelada,1
4642,triangular,1
4644,sequestrar,1
4645,levam,1
4647,estatica,1
4648,conteudo,1
4649,fotosssss,1
4650,inteirinha,1
4651,cuidar,1
4653,aromatizador,1
4654,emossaummmmmmm,1
4655,mijados,1
4656,ruivo,1
4657,garganta,1
4658,sensualidade,1
4659,animada,1
4660,revisada,1
4661,membros,1
4662,moleculas,1
4663,potencial,1
4664,diminuir,1
4665,calar,1
4666,pqppppppp,1
4667,passarinhos,1
4668,yogaaaaaaaaaaaa,1
4669,sobrecarregada,1
4670,bacias,1
4671,possibilidade,1
4672,dodoi,1
4674,marcaram,1
4675,abacaxi,1
4676,refazer,1
4677,dormirrrrrrrrrrrrrrrrrrrrrrrrrrrrrrrrrrrrrrrrrrrrrrrrrrrrrrrrrrrrrrrrrrrrrrrrrrrrrrrrrrrrrrrr,1
4678,bedroom,1
4679,adianta,1
4680,lpoooo,1
4681,coxinha,1
4682,aprendeu,1
4683,descanso,1
4684,lorrany,1
4685,pendentes,1
4686,doando,1
4687,deabooo,1
4688,arrumando,1
4689,pular,1
4690,matada,1
4691,marmita,1
4692,tantooooooooooo,1
4693,desanimadissima,1
4694,desgaste,1
4695,sentasse,1
4696,tacas,1
4697,tocar,1
4698,fatia,1
4699,unificacao,1
4700,nulipara,1
4701,panela,1
4702,viesse,1
4703,dolorida,1
4704,canso,1
4705,pegue,1
4706,namorar,1
4707,monte,1
4708,capetaaa,1
4709,oracao,1
4710,formada,1
4711,interrogacao,1
4712,formou,1
4713,instalando,1
4714,criara,1
4715,estacoes,1
4716,pantera,1
4718,berloque,1
4719,disgraca,1
4720,labuta,1
4721,xonou,1
4722,cuuuuuuuuuu,1
4723,demonstram,1
4724,possui,1
4725,maquiada,1
4726,prazos,1
4728,frenetica,1
4730,chapei,1
4731,atual,1
4733,reajustar,1
4734,chatapracaralho,1
4735,worry,1
4736,gandhi,1
4737,altitude,1
4738,aconteca,1
4739,vaaaaaaaaai,1
4740,solar,1
4741,aaaaaaaaaaaaaaaaaaaaaaaaaaaaaaaaaaaaaaaaaaaaaa,1
4744,realize,1
4745,print,1
4746,veterana,1
4747,universidade,1
4748,chupaaaaaaa,1
4749,cidades,1
4750,tranquilidade,1
4753,secador,1
4754,fantastic,1
4755,seguidos,1
4756,wroskiano,1
4757,teclado,1
4758,gabarito,1
4759,ebaaaay,1
4760,ehehehe,1
4761,goiaba,1
4762,filmes,1
4763,esgotou,1
4764,parafuso,1
4765,distance,1
4766,urgentally,1
4767,aumentei,1
4768,futsal,1
4770,ligar,1
4771,disponivel,1
4772,iiracae,1
4773,produto,1
4775,voltaaaaaaa,1
4776,plantar,1
4777,desesperadamente,1
4778,estuda,1
4779,bombou,1
4780,coisassssssssssssss,1
4781,iluminacao,1
4782,xuxusssss,1
4783,banco,1
4784,macrilan,1
4786,loucura,1
4787,hahahahahhahahahahhahaha,1
4788,gigante,1
4789,ahhhhhhhhhhhhhhhhhhhh,1
4790,cadernos,1
4791,fabinho,1
4792,esvaziarem,1
4793,tristissima,1
4794,caralhooooooooooooooooooooooooooooooooooooooooooooooooooooooooooooooooooooooooooooooooooooooooooooooooooooooooooooooooooooooooooooooooooooo,1
4795,bombando,1
4796,guitar,1
4797,naochegar,1
4798,delicada,1
4799,agradecidos,1
4800,forcando,1
4801,separei,1
4802,representa,1
4803,impeachment,1
4804,protagonista,1
4806,sabatina,1
4807,animadissima,1
4808,atriz,1
4809,petrologiaaaaaaa,1
4810,ansisoa,1
4811,carrapato,1
4813,controla,1
4815,abstinencia,1
4816,suportavel,1
4817,solucao,1
4820,aplicada,1
4821,curtinho,1
4823,piquinique,1
4824,atualizacao,1
4825,caraaaaaaaaaaai,1
4826,tirador,1
4827,imagina,1
4828,itubaina,1
4829,projeta,1
4830,erick,1
4831,estimulo,1
4832,atropelar,1
4834,arara,1
4835,joguinho,1
4836,preparadagif,1
4837,clean,1
4838,aiaiaiai,1
4839,lavam,1
4840,doidooooooooooooooooooo,1
4841,amanhaaaa,1
4842,desejem,1
4844,multa,1
4845,cupom,1
4846,trabalhosa,1
4847,sandalia,1
4848,entregando,1
4849,vermelhao,1
4850,sobrou,1
4851,bomba,1
4852,cravado,1
4853,duraaa,1
4854,victor,1
4855,contei,1
4856,pistola,1
4857,precise,1
4858,catalogar,1
4860,drinks,1
4861,alguma,1
4862,redigir,1
4863,pedercity,1
4864,funking,1
4865,macaquinho,1
4866,faxineira,1
4867,antes,1
4868,cobertores,1
4869,bracinhos,1
4870,arroz,1
4871,bibliograficas,1
4872,mudando,1
4873,eeeee,1
4874,mandava,1
4875,faixa,1
4876,vintage,1
4877,capacete,1
4878,colombia,1
4879,esfarela,1
4881,aguentam,1
4882,cardapio,1
4883,grace,1
4885,lembra,1
4886,terei,1
4887,escapa,1
4888,ahahahahajaaj,1
4890,superei,1
4891,porrrrra,1
4892,sofrencia,1
4893,sombras,1
4894,jeova,1
4896,eeeeeeeeeeeee,1
4897,capitalismo,1
4898,troca,1
4899,mudei,1
4900,abobrinha,1
4901,manifestosssssss,1
4902,importa,1
4903,elegancia,1
4904,depressao,1
4905,simmm,1
4906,pilharem,1
4907,roman,1
4908,olhadinha,1
4910,aaaaaaaaaaaaaaaaaaaaaaaaaaaaaaaaaaaaaaaaaaaaaaaaaaaaaaaaaaaaaaaaaaaaaaaaaaaaa,1
4911,papelaria,1
4912,alternando,1
4913,papel,1
4914,balancinho,1
4915,variacoes,1
4916,meditar,1
4917,crepe,1
4919,abraco,1
4920,pilhadissima,1
4921,orelhas,1
4922,complica,1
4923,pinheiros,1
4925,found,1
4926,conjuntinhos,1
4927,realidadesmaoexe,1
4928,horizontais,1
4929,frituras,1
4930,corta,1
4931,papai,1
4932,consiga,1
4933,inscrevi,1
4934,fliperama,1
4935,fechei,1
4936,mimimimi,1
4937,lados,1
4939,imenso,1
4940,atropelo,1
4941,excel,1
4942,poize,1
4943,consulta,1
4944,tristeza,1
4946,valem,1
4947,indignaste,1
4948,wanna,1
4949,enviar,1
4950,churrasquinho,1
4951,assombrar,1
4953,ouviu,1
4954,botando,1
4955,paginassss,1
4956,tapetes,1
4957,reclama,1
4958,ninja,1
4961,ousar,1
4962,bixinhos,1
4963,planaltina,1
4964,rodizio,1
4965,conectadas,1
4966,tocando,1
4967,borrachinha,1
4968,decepcionadissima,1
4969,anteriores,1
4970,profissao,1
4971,reitoria,1
4972,topam,1
4973,braco,1
4974,adidas,1
4976,drake,1
4977,obvios,1
4978,piadinhas,1
4979,faqueiro,1
4980,felizmente,1
4981,pressao,1
4982,escondidos,1
4983,terminat,1
4984,isjanwkdjdnskskalalsos,1
4985,nasci,1
4986,fruta,1
4987,existindo,1
4988,salsicha,1
4989,insiste,1
4992,analitica,1
4994,malditoooooo,1
4995,dopada,1
4996,tomografia,1
4997,acelerar,1
4998,branco,1
4999,provq,1
5000,mercado,1
5001,patrocinando,1
5002,200tinhos,1
5004,cochilo,1
5005,kepler,1
5006,ganharei,1
5008,matriculei,1
5009,convenci,1
5010,trofeu,1
5011,panic,1
5012,qqissso,1
5013,catiorineos,1
5016,concavidade,1
5017,caraaaaai,1
5018,concentro,1
5019,aproxima,1
5020,potinho,1
5021,massimo,1
5022,confirmo,1
5023,caralhossssssss,1
5024,rastejando,1
5025,rolezeiro,1
5028,levanto,1
5029,durar,1
5030,estaremos,1
5031,canjica,1
5032,chute,1
5033,formula,1
5034,devolver,1
5035,fatura,1
5036,porraaaaaaaaa,1
5038,feshow,1
5039,pessima,1
5040,saindo,1
5042,migona,1
5043,comandos,1
5044,errei,1
5045,emocional,1
5046,latex,1
5047,reclamado,1
5048,otimo,1
5049,surpresas,1
5051,dermatologista,1
5052,caralhoooo,1
5053,diferentes,1
5054,finalizar,1
5055,temporariamente,1
5056,realizei,1
5057,macumbinha,1
5058,despede,1
5059,soubesse,1
5060,boticario,1
5061,namoram,1
5062,querida,1
5063,perfeito,1
5065,viiiiiiiii,1
5066,interesse,1
5067,aberto,1
5068,bebida,1
5069,diabetico,1
5070,dispensada,1
5071,churrasco,1
5072,gerais,1
5073,visitinha,1
5074,eventual,1
5075,dormirrrrrrrrrrrrr,1
5076,apagada,1
5077,curtiram,1
5078,resumos,1
5080,aguentei,1
5081,pesados,1
5082,simmmmm,1
5084,ganhava,1
5085,gastos,1
5087,quebrar,1
5088,dunas,1
5089,tenso,1
5090,obrigam,1
5092,roubadas,1
5093,mesmoladeira,1
5094,maximo,1
5095,fluidossssssss,1
5096,mudancas,1
5097,ilusao,1
5098,vitae,1
5099,voltam,1
5100,reclamem,1
5101,salada,1
5102,nailedit,1
5103,aeaeaeaeae,1
5104,freneticamente,1
5105,larguem,1
5106,perguntas,1
5107,queira,1
5108,bondemaissss,1
5109,ariannanfs,1
5110,iaiaiao,1
5111,tranquiliza,1
5112,dependo,1
5113,palheta,1
5114,decidindo,1
5115,voltouuuuuuuuuuuuuuu,1
5116,tijolos,1
